<?xml version="1.0" encoding="UTF-8" standalone="no" ?><CAERep ObjId="126" Type="CAERep" Ver="2"><DSEnvironmentID PropType="int">34</DSEnvironmentID><ExternalProductVersion PropType="string">2022 R2</ExternalProductVersion><Goal PropType="string">RunSolver</Goal><HasBetaKeyOn PropType="bool">false</HasBetaKeyOn><InProcess PropType="bool">true</InProcess><LastDatabaseId PropType="unsigned int">186</LastDatabaseId><NumProcessorsForPost PropType="int">0</NumProcessorsForPost><PID_Legacy_Solve PropType="int">0</PID_Legacy_Solve><PartialCode PropType="int">1</PartialCode><ProductVersion PropType="string">22.2 RELEASE</ProductVersion><ProductVersionForSec PropType="string">22.2</ProductVersionForSec><ProjectName PropType="string">Portico--Static Structural (A5)</ProjectName><ReturnCode PropType="int">1</ReturnCode><SolveInvokedFromAddin PropType="int">0</SolveInvokedFromAddin><SysvarMap PropType="map&lt;string,string>"><Entry key="DSSolver ProgId">AMKSolver.AMKSolver.222</Entry></SysvarMap><EngineeringRep ObjId="127" Type="EngineeringRep" Ver="2"><BCRep ObjId="130" Type="BCRep" Ver="2"><StepEndTimes PropType="vector&lt;double>" UCat="Time" Unt="s">    1</StepEndTimes><VertexForce ObjId="109" Type="Force" Ver="2"><Caption PropType="string">Force</Caption><LoadDefineBy PropType="unsigned int">0</LoadDefineBy><RefCoordSysId PropType="unsigned int">30</RefCoordSysId><Scoping PropType="vector&lt;string>">110</Scoping><LoadStep ObjId="168" Type="LoadStep" Ver="2"><ActiveBitmask PropType="vector&lt;int>">63</ActiveBitmask><IsActive PropType="vector&lt;bool>">true</IsActive><Number PropType="vector&lt;int>"/></LoadStep><ComponentX ObjId="169" Type="Table" Ver="2"><StepNumber PropType="vector&lt;int>">1,1</StepNumber><Time PropType="vector&lt;double>" UCat="Time" Unt="s">    0,    1</Time><Values PropType="vector&lt;double>" UCat="Force" Unt="tonne mm s^-2">    0,    0</Values></ComponentX><ComponentY ObjId="170" Type="Table" Ver="2"><StepNumber PropType="vector&lt;int>">1,1</StepNumber><Time PropType="vector&lt;double>" UCat="Time" Unt="s">    0,    1</Time><Values PropType="vector&lt;double>" UCat="Force" Unt="tonne mm s^-2"> -600, -600</Values></ComponentY><ComponentZ ObjId="171" Type="Table" Ver="2"><StepNumber PropType="vector&lt;int>">1,1</StepNumber><Time PropType="vector&lt;double>" UCat="Time" Unt="s">    0,    1</Time><Values PropType="vector&lt;double>" UCat="Force" Unt="tonne mm s^-2">    0,    0</Values></ComponentZ></VertexForce><VertexForce ObjId="111" Type="Force" Ver="2"><Caption PropType="string">Force 2</Caption><LoadDefineBy PropType="unsigned int">0</LoadDefineBy><RefCoordSysId PropType="unsigned int">30</RefCoordSysId><Scoping PropType="vector&lt;string>">112</Scoping><LoadStep ObjId="172" Type="LoadStep" Ver="2"><ActiveBitmask PropType="vector&lt;int>">63</ActiveBitmask><IsActive PropType="vector&lt;bool>">true</IsActive><Number PropType="vector&lt;int>"/></LoadStep><ComponentX ObjId="173" Type="Table" Ver="2"><StepNumber PropType="vector&lt;int>">1,1</StepNumber><Time PropType="vector&lt;double>" UCat="Time" Unt="s">    0,    1</Time><Values PropType="vector&lt;double>" UCat="Force" Unt="tonne mm s^-2">    0,    0</Values></ComponentX><ComponentY ObjId="174" Type="Table" Ver="2"><StepNumber PropType="vector&lt;int>">1,1</StepNumber><Time PropType="vector&lt;double>" UCat="Time" Unt="s">    0,    1</Time><Values PropType="vector&lt;double>" UCat="Force" Unt="tonne mm s^-2"> -600, -600</Values></ComponentY><ComponentZ ObjId="175" Type="Table" Ver="2"><StepNumber PropType="vector&lt;int>">1,1</StepNumber><Time PropType="vector&lt;double>" UCat="Time" Unt="s">    0,    1</Time><Values PropType="vector&lt;double>" UCat="Force" Unt="tonne mm s^-2">    0,    0</Values></ComponentZ></VertexForce><VertexForce ObjId="113" Type="Force" Ver="2"><Caption PropType="string">Force 3</Caption><LoadDefineBy PropType="unsigned int">0</LoadDefineBy><RefCoordSysId PropType="unsigned int">30</RefCoordSysId><Scoping PropType="vector&lt;string>">114</Scoping><LoadStep ObjId="176" Type="LoadStep" Ver="2"><ActiveBitmask PropType="vector&lt;int>">63</ActiveBitmask><IsActive PropType="vector&lt;bool>">true</IsActive><Number PropType="vector&lt;int>"/></LoadStep><ComponentX ObjId="177" Type="Table" Ver="2"><StepNumber PropType="vector&lt;int>">1,1</StepNumber><Time PropType="vector&lt;double>" UCat="Time" Unt="s">    0,    1</Time><Values PropType="vector&lt;double>" UCat="Force" Unt="tonne mm s^-2">    0,    0</Values></ComponentX><ComponentY ObjId="178" Type="Table" Ver="2"><StepNumber PropType="vector&lt;int>">1,1</StepNumber><Time PropType="vector&lt;double>" UCat="Time" Unt="s">    0,    1</Time><Values PropType="vector&lt;double>" UCat="Force" Unt="tonne mm s^-2">  200,  200</Values></ComponentY><ComponentZ ObjId="179" Type="Table" Ver="2"><StepNumber PropType="vector&lt;int>">1,1</StepNumber><Time PropType="vector&lt;double>" UCat="Time" Unt="s">    0,    1</Time><Values PropType="vector&lt;double>" UCat="Force" Unt="tonne mm s^-2">    0,    0</Values></ComponentZ></VertexForce><VertexForce ObjId="115" Type="Force" Ver="2"><Caption PropType="string">Force 4</Caption><LoadDefineBy PropType="unsigned int">0</LoadDefineBy><RefCoordSysId PropType="unsigned int">30</RefCoordSysId><Scoping PropType="vector&lt;string>">116</Scoping><LoadStep ObjId="180" Type="LoadStep" Ver="2"><ActiveBitmask PropType="vector&lt;int>">63</ActiveBitmask><IsActive PropType="vector&lt;bool>">true</IsActive><Number PropType="vector&lt;int>"/></LoadStep><ComponentX ObjId="181" Type="Table" Ver="2"><StepNumber PropType="vector&lt;int>">1,1</StepNumber><Time PropType="vector&lt;double>" UCat="Time" Unt="s">    0,    1</Time><Values PropType="vector&lt;double>" UCat="Force" Unt="tonne mm s^-2">    0,    0</Values></ComponentX><ComponentY ObjId="182" Type="Table" Ver="2"><StepNumber PropType="vector&lt;int>">1,1</StepNumber><Time PropType="vector&lt;double>" UCat="Time" Unt="s">    0,    1</Time><Values PropType="vector&lt;double>" UCat="Force" Unt="tonne mm s^-2">  200,  200</Values></ComponentY><ComponentZ ObjId="183" Type="Table" Ver="2"><StepNumber PropType="vector&lt;int>">1,1</StepNumber><Time PropType="vector&lt;double>" UCat="Time" Unt="s">    0,    1</Time><Values PropType="vector&lt;double>" UCat="Force" Unt="tonne mm s^-2">    0,    0</Values></ComponentZ></VertexForce><JointRep ObjId="59" Type="JointRep" Ver="2"><Caption PropType="string">Revolute - Line Body To Line Body</Caption><CondensedPartId PropType="int">0</CondensedPartId><DOFMask PropType="unsigned int">55</DOFMask><MeshReferenceId PropType="unsigned int">58</MeshReferenceId><MobileAnsPoint PropType="unsigned int">61</MobileAnsPoint><MobileCoordinateSysId PropType="unsigned int">62</MobileCoordinateSysId><MobileNodeId PropType="unsigned int">398</MobileNodeId><ReferenceAnsPoint PropType="unsigned int">60</ReferenceAnsPoint><ReferenceCoordinateSysId PropType="unsigned int">62</ReferenceCoordinateSysId><ReferenceNodeId PropType="unsigned int">397</ReferenceNodeId><Scoping PropType="vector&lt;string>">65,66</Scoping><ScopingType PropType="string">BodyToBody</ScopingType><SolverElementType PropType="string">ProgramControlled</SolverElementType><StageId PropType="int">0</StageId><Type PropType="string">Revolute</Type><JointFrictionProperties ObjId="157" Type="JointFrictionProperties" Ver="2"><DynamicFrictionCoefficient PropType="double">    0</DynamicFrictionCoefficient><FrictionEffectiveLength PropType="double" UCat="Length" Unt="mm">    0</FrictionEffectiveLength><FrictionInnerRadius PropType="double" UCat="Length" Unt="mm">    0</FrictionInnerRadius><FrictionOuterRadius PropType="double" UCat="Length" Unt="mm">    0</FrictionOuterRadius><FrictionRadius PropType="double" UCat="Length" Unt="m">    0</FrictionRadius><FrictionType PropType="string">ProgramControlled</FrictionType></JointFrictionProperties><TorsionalProperties ObjId="156" Type="TorsionalProperties" Ver="2"><TorsionalDamping PropType="double" UCat="RotationalDamping" Unt="tonne mm^2 s s^-2 rad^-1">    0</TorsionalDamping><TorsionalStiffness PropType="double" UCat="RotationalStiffness" Unt="tonne mm^2 s^-2 rad^-1">    0</TorsionalStiffness></TorsionalProperties></JointRep><JointRep ObjId="67" Type="JointRep" Ver="2"><Caption PropType="string">Revolute - Line Body To Line Body</Caption><CondensedPartId PropType="int">0</CondensedPartId><DOFMask PropType="unsigned int">55</DOFMask><MeshReferenceId PropType="unsigned int">63</MeshReferenceId><MobileAnsPoint PropType="unsigned int">69</MobileAnsPoint><MobileCoordinateSysId PropType="unsigned int">70</MobileCoordinateSysId><MobileNodeId PropType="unsigned int">400</MobileNodeId><ReferenceAnsPoint PropType="unsigned int">68</ReferenceAnsPoint><ReferenceCoordinateSysId PropType="unsigned int">70</ReferenceCoordinateSysId><ReferenceNodeId PropType="unsigned int">399</ReferenceNodeId><Scoping PropType="vector&lt;string>">73,74</Scoping><ScopingType PropType="string">BodyToBody</ScopingType><SolverElementType PropType="string">ProgramControlled</SolverElementType><StageId PropType="int">0</StageId><Type PropType="string">Revolute</Type><JointFrictionProperties ObjId="159" Type="JointFrictionProperties" Ver="2"><DynamicFrictionCoefficient PropType="double">    0</DynamicFrictionCoefficient><FrictionEffectiveLength PropType="double" UCat="Length" Unt="mm">    0</FrictionEffectiveLength><FrictionInnerRadius PropType="double" UCat="Length" Unt="mm">    0</FrictionInnerRadius><FrictionOuterRadius PropType="double" UCat="Length" Unt="mm">    0</FrictionOuterRadius><FrictionRadius PropType="double" UCat="Length" Unt="m">    0</FrictionRadius><FrictionType PropType="string">ProgramControlled</FrictionType></JointFrictionProperties><TorsionalProperties ObjId="158" Type="TorsionalProperties" Ver="2"><TorsionalDamping PropType="double" UCat="RotationalDamping" Unt="tonne mm^2 s s^-2 rad^-1">    0</TorsionalDamping><TorsionalStiffness PropType="double" UCat="RotationalStiffness" Unt="tonne mm^2 s^-2 rad^-1">    0</TorsionalStiffness></TorsionalProperties></JointRep><JointRep ObjId="75" Type="JointRep" Ver="2"><Caption PropType="string">Revolute - Line Body To Line Body</Caption><CondensedPartId PropType="int">0</CondensedPartId><DOFMask PropType="unsigned int">55</DOFMask><MeshReferenceId PropType="unsigned int">68</MeshReferenceId><MobileAnsPoint PropType="unsigned int">77</MobileAnsPoint><MobileCoordinateSysId PropType="unsigned int">78</MobileCoordinateSysId><MobileNodeId PropType="unsigned int">402</MobileNodeId><ReferenceAnsPoint PropType="unsigned int">76</ReferenceAnsPoint><ReferenceCoordinateSysId PropType="unsigned int">78</ReferenceCoordinateSysId><ReferenceNodeId PropType="unsigned int">401</ReferenceNodeId><Scoping PropType="vector&lt;string>">82,79</Scoping><ScopingType PropType="string">BodyToBody</ScopingType><SolverElementType PropType="string">ProgramControlled</SolverElementType><StageId PropType="int">0</StageId><Type PropType="string">Revolute</Type><JointFrictionProperties ObjId="161" Type="JointFrictionProperties" Ver="2"><DynamicFrictionCoefficient PropType="double">    0</DynamicFrictionCoefficient><FrictionEffectiveLength PropType="double" UCat="Length" Unt="mm">    0</FrictionEffectiveLength><FrictionInnerRadius PropType="double" UCat="Length" Unt="mm">    0</FrictionInnerRadius><FrictionOuterRadius PropType="double" UCat="Length" Unt="mm">    0</FrictionOuterRadius><FrictionRadius PropType="double" UCat="Length" Unt="m">    0</FrictionRadius><FrictionType PropType="string">ProgramControlled</FrictionType></JointFrictionProperties><TorsionalProperties ObjId="160" Type="TorsionalProperties" Ver="2"><TorsionalDamping PropType="double" UCat="RotationalDamping" Unt="tonne mm^2 s s^-2 rad^-1">    0</TorsionalDamping><TorsionalStiffness PropType="double" UCat="RotationalStiffness" Unt="tonne mm^2 s^-2 rad^-1">    0</TorsionalStiffness></TorsionalProperties></JointRep><JointRep ObjId="83" Type="JointRep" Ver="2"><Caption PropType="string">Revolute - Line Body To Line Body</Caption><CondensedPartId PropType="int">0</CondensedPartId><DOFMask PropType="unsigned int">55</DOFMask><MeshReferenceId PropType="unsigned int">73</MeshReferenceId><MobileAnsPoint PropType="unsigned int">85</MobileAnsPoint><MobileCoordinateSysId PropType="unsigned int">86</MobileCoordinateSysId><MobileNodeId PropType="unsigned int">404</MobileNodeId><ReferenceAnsPoint PropType="unsigned int">84</ReferenceAnsPoint><ReferenceCoordinateSysId PropType="unsigned int">86</ReferenceCoordinateSysId><ReferenceNodeId PropType="unsigned int">403</ReferenceNodeId><Scoping PropType="vector&lt;string>">89,90</Scoping><ScopingType PropType="string">BodyToBody</ScopingType><SolverElementType PropType="string">ProgramControlled</SolverElementType><StageId PropType="int">0</StageId><Type PropType="string">Revolute</Type><JointFrictionProperties ObjId="163" Type="JointFrictionProperties" Ver="2"><DynamicFrictionCoefficient PropType="double">    0</DynamicFrictionCoefficient><FrictionEffectiveLength PropType="double" UCat="Length" Unt="mm">    0</FrictionEffectiveLength><FrictionInnerRadius PropType="double" UCat="Length" Unt="mm">    0</FrictionInnerRadius><FrictionOuterRadius PropType="double" UCat="Length" Unt="mm">    0</FrictionOuterRadius><FrictionRadius PropType="double" UCat="Length" Unt="m">    0</FrictionRadius><FrictionType PropType="string">ProgramControlled</FrictionType></JointFrictionProperties><TorsionalProperties ObjId="162" Type="TorsionalProperties" Ver="2"><TorsionalDamping PropType="double" UCat="RotationalDamping" Unt="tonne mm^2 s s^-2 rad^-1">    0</TorsionalDamping><TorsionalStiffness PropType="double" UCat="RotationalStiffness" Unt="tonne mm^2 s^-2 rad^-1">    0</TorsionalStiffness></TorsionalProperties></JointRep><JointRep ObjId="91" Type="JointRep" Ver="2"><Caption PropType="string">Revolute - Line Body To Line Body</Caption><CondensedPartId PropType="int">0</CondensedPartId><DOFMask PropType="unsigned int">55</DOFMask><MeshReferenceId PropType="unsigned int">78</MeshReferenceId><MobileAnsPoint PropType="unsigned int">93</MobileAnsPoint><MobileCoordinateSysId PropType="unsigned int">94</MobileCoordinateSysId><MobileNodeId PropType="unsigned int">406</MobileNodeId><ReferenceAnsPoint PropType="unsigned int">92</ReferenceAnsPoint><ReferenceCoordinateSysId PropType="unsigned int">94</ReferenceCoordinateSysId><ReferenceNodeId PropType="unsigned int">405</ReferenceNodeId><Scoping PropType="vector&lt;string>">98,95</Scoping><ScopingType PropType="string">BodyToBody</ScopingType><SolverElementType PropType="string">ProgramControlled</SolverElementType><StageId PropType="int">0</StageId><Type PropType="string">Revolute</Type><JointFrictionProperties ObjId="165" Type="JointFrictionProperties" Ver="2"><DynamicFrictionCoefficient PropType="double">    0</DynamicFrictionCoefficient><FrictionEffectiveLength PropType="double" UCat="Length" Unt="mm">    0</FrictionEffectiveLength><FrictionInnerRadius PropType="double" UCat="Length" Unt="mm">    0</FrictionInnerRadius><FrictionOuterRadius PropType="double" UCat="Length" Unt="mm">    0</FrictionOuterRadius><FrictionRadius PropType="double" UCat="Length" Unt="m">    0</FrictionRadius><FrictionType PropType="string">ProgramControlled</FrictionType></JointFrictionProperties><TorsionalProperties ObjId="164" Type="TorsionalProperties" Ver="2"><TorsionalDamping PropType="double" UCat="RotationalDamping" Unt="tonne mm^2 s s^-2 rad^-1">    0</TorsionalDamping><TorsionalStiffness PropType="double" UCat="RotationalStiffness" Unt="tonne mm^2 s^-2 rad^-1">    0</TorsionalStiffness></TorsionalProperties></JointRep><JointRep ObjId="99" Type="JointRep" Ver="2"><Caption PropType="string">Revolute - Line Body To Line Body</Caption><CondensedPartId PropType="int">0</CondensedPartId><DOFMask PropType="unsigned int">55</DOFMask><MeshReferenceId PropType="unsigned int">83</MeshReferenceId><MobileAnsPoint PropType="unsigned int">101</MobileAnsPoint><MobileCoordinateSysId PropType="unsigned int">102</MobileCoordinateSysId><MobileNodeId PropType="unsigned int">408</MobileNodeId><ReferenceAnsPoint PropType="unsigned int">100</ReferenceAnsPoint><ReferenceCoordinateSysId PropType="unsigned int">102</ReferenceCoordinateSysId><ReferenceNodeId PropType="unsigned int">407</ReferenceNodeId><Scoping PropType="vector&lt;string>">105,106</Scoping><ScopingType PropType="string">BodyToBody</ScopingType><SolverElementType PropType="string">ProgramControlled</SolverElementType><StageId PropType="int">0</StageId><Type PropType="string">Revolute</Type><JointFrictionProperties ObjId="167" Type="JointFrictionProperties" Ver="2"><DynamicFrictionCoefficient PropType="double">    0</DynamicFrictionCoefficient><FrictionEffectiveLength PropType="double" UCat="Length" Unt="mm">    0</FrictionEffectiveLength><FrictionInnerRadius PropType="double" UCat="Length" Unt="mm">    0</FrictionInnerRadius><FrictionOuterRadius PropType="double" UCat="Length" Unt="mm">    0</FrictionOuterRadius><FrictionRadius PropType="double" UCat="Length" Unt="m">    0</FrictionRadius><FrictionType PropType="string">ProgramControlled</FrictionType></JointFrictionProperties><TorsionalProperties ObjId="166" Type="TorsionalProperties" Ver="2"><TorsionalDamping PropType="double" UCat="RotationalDamping" Unt="tonne mm^2 s s^-2 rad^-1">    0</TorsionalDamping><TorsionalStiffness PropType="double" UCat="RotationalStiffness" Unt="tonne mm^2 s^-2 rad^-1">    0</TorsionalStiffness></TorsionalProperties></JointRep><FixedVertexSupport ObjId="107" Type="Support" Ver="2"><Caption PropType="string">Fixed Support</Caption><Scoping PropType="vector&lt;string>">108</Scoping><Type PropType="string"/></FixedVertexSupport></BCRep><GeometryAttributes ObjId="128" Type="GeometryAttributes" Ver="2"><AssemblyAttributes ObjId="129" Type="AssemblyAttributes" Ver="2"><ElementOptionControl PropType="string">ProgramControlled</ElementOptionControl><GeometrySource PropType="string">D:\Felipe Coquito\OneDrive\Documents\Estudo\FEI\FEI - 7 Sem\MEP240 - MECANICA SOLIDOS COMPUTACIONAL\Portico_files\dp0\SYS\DM\SYS.agdb</GeometrySource><Is2DAnalysis PropType="bool">false</Is2DAnalysis><IsMixedDimension PropType="bool">false</IsMixedDimension><PartAttributes ObjId="19" Type="PartAttributes" Ver="2"><Caption PropType="string">Line Body Bodies</Caption><Mass PropType="double" UCat="Mass" Unt="tonne">0.003362606893208609</Mass><PartId PropType="unsigned int">3</PartId><BodyAttributes ObjId="20" Type="BodyAttributes" Ver="2"><AreNonLinearEffectsOn PropType="bool">true</AreNonLinearEffectsOn><BeamCrossSectionId PropType="unsigned int">135</BeamCrossSectionId><BoundingBoxDiagonal PropType="double" UCat="Length" Unt="mm">538.5164928885856</BoundingBoxDiagonal><Caption PropType="string">Line Body</Caption><ElementCoordSysId PropType="unsigned int">30</ElementCoordSysId><GeometryType PropType="string">Wire</GeometryType><Mass PropType="double" UCat="Mass" Unt="tonne">0.003362606893208609</Mass><ModelType PropType="string">Beam</ModelType><OffsetType PropType="string">Centroid</OffsetType><ProtoReferenceId PropType="unsigned int">26</ProtoReferenceId><StiffnessBehavior PropType="string">Deformable</StiffnessBehavior><ThermalStrainCalculation PropType="bool">true</ThermalStrainCalculation><MaterialRep ObjId="139" Type="MaterialRep" Ver="2"><MaterialName PropType="string">Structural Steel</MaterialName><ReferenceTemperature PropType="double" UCat="Temperature" Unt="Celsius">   22</ReferenceTemperature><RelaxationTemperature PropType="double" UCat="Temperature" Unt="Celsius">    0</RelaxationTemperature><UnitSystem PropType="int">0</UnitSystem><UseReferenceTemperature PropType="bool">false</UseReferenceTemperature><UseRelaxationTemperature PropType="bool">false</UseRelaxationTemperature></MaterialRep></BodyAttributes></PartAttributes><PartAttributes ObjId="22" Type="PartAttributes" Ver="2"><Caption PropType="string">Line Body Bodies</Caption><Mass PropType="double" UCat="Mass" Unt="tonne">5.856817943079708e-05</Mass><PartId PropType="unsigned int">5</PartId><BodyAttributes ObjId="23" Type="BodyAttributes" Ver="2"><AreNonLinearEffectsOn PropType="bool">true</AreNonLinearEffectsOn><BeamCrossSectionId PropType="unsigned int">137</BeamCrossSectionId><BoundingBoxDiagonal PropType="double" UCat="Length" Unt="mm">360.5551236202024</BoundingBoxDiagonal><Caption PropType="string">Line Body</Caption><ElementCoordSysId PropType="unsigned int">30</ElementCoordSysId><GeometryType PropType="string">Wire</GeometryType><Mass PropType="double" UCat="Mass" Unt="tonne">5.856817943079708e-05</Mass><ModelType PropType="string">Beam</ModelType><OffsetType PropType="string">Centroid</OffsetType><ProtoReferenceId PropType="unsigned int">41</ProtoReferenceId><StiffnessBehavior PropType="string">Deformable</StiffnessBehavior><ThermalStrainCalculation PropType="bool">true</ThermalStrainCalculation><MaterialRep ObjId="140" Type="MaterialRep" Ver="2"><MaterialName PropType="string">Structural Steel</MaterialName><ReferenceTemperature PropType="double" UCat="Temperature" Unt="Celsius">   22</ReferenceTemperature><RelaxationTemperature PropType="double" UCat="Temperature" Unt="Celsius">    0</RelaxationTemperature><UnitSystem PropType="int">0</UnitSystem><UseReferenceTemperature PropType="bool">false</UseReferenceTemperature><UseRelaxationTemperature PropType="bool">false</UseRelaxationTemperature></MaterialRep></BodyAttributes></PartAttributes><PartAttributes ObjId="25" Type="PartAttributes" Ver="2"><Caption PropType="string">Line Body Bodies</Caption><Mass PropType="double" UCat="Mass" Unt="tonne">5.856817943079708e-05</Mass><PartId PropType="unsigned int">7</PartId><BodyAttributes ObjId="26" Type="BodyAttributes" Ver="2"><AreNonLinearEffectsOn PropType="bool">true</AreNonLinearEffectsOn><BeamCrossSectionId PropType="unsigned int">137</BeamCrossSectionId><BoundingBoxDiagonal PropType="double" UCat="Length" Unt="mm">360.5551236202024</BoundingBoxDiagonal><Caption PropType="string">Line Body</Caption><ElementCoordSysId PropType="unsigned int">30</ElementCoordSysId><GeometryType PropType="string">Wire</GeometryType><Mass PropType="double" UCat="Mass" Unt="tonne">5.856817943079708e-05</Mass><ModelType PropType="string">Beam</ModelType><OffsetType PropType="string">Centroid</OffsetType><ProtoReferenceId PropType="unsigned int">47</ProtoReferenceId><StiffnessBehavior PropType="string">Deformable</StiffnessBehavior><ThermalStrainCalculation PropType="bool">true</ThermalStrainCalculation><MaterialRep ObjId="141" Type="MaterialRep" Ver="2"><MaterialName PropType="string">Structural Steel</MaterialName><ReferenceTemperature PropType="double" UCat="Temperature" Unt="Celsius">   22</ReferenceTemperature><RelaxationTemperature PropType="double" UCat="Temperature" Unt="Celsius">    0</RelaxationTemperature><UnitSystem PropType="int">0</UnitSystem><UseReferenceTemperature PropType="bool">false</UseReferenceTemperature><UseRelaxationTemperature PropType="bool">false</UseRelaxationTemperature></MaterialRep></BodyAttributes></PartAttributes></AssemblyAttributes><BeamCrossSection ObjId="135" Type="BeamCrossSection" Ver="2"><Area PropType="double" UCat="Area" Unt="mm^2">  112</Area><BeamSectionPointerId PropType="string">000000002E8E0290</BeamSectionPointerId><Iyy PropType="double" UCat="MomentofInertia" Unt="mm^2 mm^2">3733.33333333333</Iyy><Iyz PropType="double" UCat="MomentofInertia" Unt="mm^2 mm^2">7.496324301261812e-13</Iyz><Izz PropType="double" UCat="MomentofInertia" Unt="mm^2 mm^2">3733.333333333334</Izz><SourceName PropType="string">RectTube1</SourceName><HollowRectangleBeamSection ObjId="136" Type="HollowRectangleBeamSection" Ver="2"><Height PropType="double" UCat="Length" Unt="mm">   16</Height><Thickness PropType="vector&lt;double>" UCat="Length" Unt="mm">    2,    2,    2,    2</Thickness><Width PropType="double" UCat="Length" Unt="mm">   16</Width></HollowRectangleBeamSection></BeamCrossSection><BeamCrossSection ObjId="137" Type="BeamCrossSection" Ver="2"><Area PropType="double" UCat="Area" Unt="mm^2">14.9218291543432</Area><BeamSectionPointerId PropType="string">000000002E8DF610</BeamSectionPointerId><Iyy PropType="double" UCat="MomentofInertia" Unt="mm^2 mm^2">168.7893427399654</Iyy><Iyz PropType="double" UCat="MomentofInertia" Unt="mm^2 mm^2">1.191495511245816e-14</Iyz><Izz PropType="double" UCat="MomentofInertia" Unt="mm^2 mm^2">168.7893427399653</Izz><SourceName PropType="string">CircularTube1</SourceName><TubeBeamSection ObjId="138" Type="TubeBeamSection" Ver="2"><InnerRadius PropType="double" UCat="Length" Unt="mm">  4.5</InnerRadius><OuterRadius PropType="double" UCat="Length" Unt="mm">    5</OuterRadius></TubeBeamSection></BeamCrossSection></GeometryAttributes><ServiceRep ObjId="131" Type="ServiceRep" Ver="2"><CoordinateSystemRep ObjId="102" Type="CoordinateSystemRep" Ver="3"><Caption PropType="string">Reference Coordinate System</Caption><CoordSystemIndex PropType="unsigned int">0</CoordSystemIndex><IsGlobal PropType="bool">false</IsGlobal><Param1 PropType="double">    1</Param1><Param2 PropType="double">    1</Param2><Singularity1 PropType="int">0</Singularity1><Singularity2 PropType="int">0</Singularity2><SolverCoordNumber PropType="int">17</SolverCoordNumber><Type PropType="string">Cartesian</Type><DSGePoint3d ObjId="155" Type="DSGePoint3d" Ver="3"><Coordinates PropType="vector&lt;double>" UCat="Length" Unt="mm">349.9999999999999,  200,    0</Coordinates></DSGePoint3d><Matrix3X3 ObjId="154" Type="Matrix3X3" Ver="2"><IsOrthogonal PropType="bool">false</IsOrthogonal><Row0 PropType="vector&lt;double>">    1,    0,    0</Row0><Row1 PropType="vector&lt;double>">    0,    1,    0</Row1><Row2 PropType="vector&lt;double>">    0,    0,    1</Row2></Matrix3X3></CoordinateSystemRep><CoordinateSystemRep ObjId="30" Type="CoordinateSystemRep" Ver="3"><Caption PropType="string">Global Coordinate System</Caption><CoordSystemIndex PropType="unsigned int">0</CoordSystemIndex><IsGlobal PropType="bool">true</IsGlobal><Param1 PropType="double">    1</Param1><Param2 PropType="double">    1</Param2><Singularity1 PropType="int">0</Singularity1><Singularity2 PropType="int">0</Singularity2><SolverCoordNumber PropType="int">0</SolverCoordNumber><Type PropType="string">Cartesian</Type><DSGePoint3d ObjId="143" Type="DSGePoint3d" Ver="3"><Coordinates PropType="vector&lt;double>" UCat="Length" Unt="mm">    0,    0,    0</Coordinates></DSGePoint3d><Matrix3X3 ObjId="142" Type="Matrix3X3" Ver="2"><IsOrthogonal PropType="bool">false</IsOrthogonal><Row0 PropType="vector&lt;double>">    1,    0,    0</Row0><Row1 PropType="vector&lt;double>">    0,    1,    0</Row1><Row2 PropType="vector&lt;double>">    0,    0,    1</Row2></Matrix3X3></CoordinateSystemRep><CoordinateSystemRep ObjId="62" Type="CoordinateSystemRep" Ver="3"><Caption PropType="string">Reference Coordinate System</Caption><CoordSystemIndex PropType="unsigned int">0</CoordSystemIndex><IsGlobal PropType="bool">false</IsGlobal><Param1 PropType="double">    1</Param1><Param2 PropType="double">    1</Param2><Singularity1 PropType="int">0</Singularity1><Singularity2 PropType="int">0</Singularity2><SolverCoordNumber PropType="int">12</SolverCoordNumber><Type PropType="string">Cartesian</Type><DSGePoint3d ObjId="145" Type="DSGePoint3d" Ver="3"><Coordinates PropType="vector&lt;double>" UCat="Length" Unt="mm">349.9999999999999,  200, -300</Coordinates></DSGePoint3d><Matrix3X3 ObjId="144" Type="Matrix3X3" Ver="2"><IsOrthogonal PropType="bool">false</IsOrthogonal><Row0 PropType="vector&lt;double>">    1,    0,    0</Row0><Row1 PropType="vector&lt;double>">    0,    1,    0</Row1><Row2 PropType="vector&lt;double>">    0,    0,    1</Row2></Matrix3X3></CoordinateSystemRep><CoordinateSystemRep ObjId="70" Type="CoordinateSystemRep" Ver="3"><Caption PropType="string">Reference Coordinate System</Caption><CoordSystemIndex PropType="unsigned int">0</CoordSystemIndex><IsGlobal PropType="bool">false</IsGlobal><Param1 PropType="double">    1</Param1><Param2 PropType="double">    1</Param2><Singularity1 PropType="int">0</Singularity1><Singularity2 PropType="int">0</Singularity2><SolverCoordNumber PropType="int">13</SolverCoordNumber><Type PropType="string">Cartesian</Type><DSGePoint3d ObjId="147" Type="DSGePoint3d" Ver="3"><Coordinates PropType="vector&lt;double>" UCat="Length" Unt="mm">  200,    0, -300</Coordinates></DSGePoint3d><Matrix3X3 ObjId="146" Type="Matrix3X3" Ver="2"><IsOrthogonal PropType="bool">false</IsOrthogonal><Row0 PropType="vector&lt;double>">    1,    0,    0</Row0><Row1 PropType="vector&lt;double>">    0,    1,    0</Row1><Row2 PropType="vector&lt;double>">    0,    0,    1</Row2></Matrix3X3></CoordinateSystemRep><CoordinateSystemRep ObjId="78" Type="CoordinateSystemRep" Ver="3"><Caption PropType="string">Reference Coordinate System</Caption><CoordSystemIndex PropType="unsigned int">0</CoordSystemIndex><IsGlobal PropType="bool">false</IsGlobal><Param1 PropType="double">    1</Param1><Param2 PropType="double">    1</Param2><Singularity1 PropType="int">0</Singularity1><Singularity2 PropType="int">0</Singularity2><SolverCoordNumber PropType="int">14</SolverCoordNumber><Type PropType="string">Cartesian</Type><DSGePoint3d ObjId="149" Type="DSGePoint3d" Ver="3"><Coordinates PropType="vector&lt;double>" UCat="Length" Unt="mm">   50,  200, -300</Coordinates></DSGePoint3d><Matrix3X3 ObjId="148" Type="Matrix3X3" Ver="2"><IsOrthogonal PropType="bool">false</IsOrthogonal><Row0 PropType="vector&lt;double>">    1,    0,    0</Row0><Row1 PropType="vector&lt;double>">    0,    1,    0</Row1><Row2 PropType="vector&lt;double>">    0,    0,    1</Row2></Matrix3X3></CoordinateSystemRep><CoordinateSystemRep ObjId="86" Type="CoordinateSystemRep" Ver="3"><Caption PropType="string">Reference Coordinate System</Caption><CoordSystemIndex PropType="unsigned int">0</CoordSystemIndex><IsGlobal PropType="bool">false</IsGlobal><Param1 PropType="double">    1</Param1><Param2 PropType="double">    1</Param2><Singularity1 PropType="int">0</Singularity1><Singularity2 PropType="int">0</Singularity2><SolverCoordNumber PropType="int">15</SolverCoordNumber><Type PropType="string">Cartesian</Type><DSGePoint3d ObjId="151" Type="DSGePoint3d" Ver="3"><Coordinates PropType="vector&lt;double>" UCat="Length" Unt="mm">   50,  200,    0</Coordinates></DSGePoint3d><Matrix3X3 ObjId="150" Type="Matrix3X3" Ver="2"><IsOrthogonal PropType="bool">false</IsOrthogonal><Row0 PropType="vector&lt;double>">    1,    0,    0</Row0><Row1 PropType="vector&lt;double>">    0,    1,    0</Row1><Row2 PropType="vector&lt;double>">    0,    0,    1</Row2></Matrix3X3></CoordinateSystemRep><CoordinateSystemRep ObjId="94" Type="CoordinateSystemRep" Ver="3"><Caption PropType="string">Reference Coordinate System</Caption><CoordSystemIndex PropType="unsigned int">0</CoordSystemIndex><IsGlobal PropType="bool">false</IsGlobal><Param1 PropType="double">    1</Param1><Param2 PropType="double">    1</Param2><Singularity1 PropType="int">0</Singularity1><Singularity2 PropType="int">0</Singularity2><SolverCoordNumber PropType="int">16</SolverCoordNumber><Type PropType="string">Cartesian</Type><DSGePoint3d ObjId="153" Type="DSGePoint3d" Ver="3"><Coordinates PropType="vector&lt;double>" UCat="Length" Unt="mm">  200,    0,    0</Coordinates></DSGePoint3d><Matrix3X3 ObjId="152" Type="Matrix3X3" Ver="2"><IsOrthogonal PropType="bool">false</IsOrthogonal><Row0 PropType="vector&lt;double>">    1,    0,    0</Row0><Row1 PropType="vector&lt;double>">    0,    1,    0</Row1><Row2 PropType="vector&lt;double>">    0,    0,    1</Row2></Matrix3X3></CoordinateSystemRep><RemotePointRep ObjId="100" Type="RemotePointRep" Ver="3"><BeamMaterialName PropType="string">Structural Steel</BeamMaterialName><Caption PropType="string">Internal Remote Point 11</Caption><CondensedPartId PropType="int">0</CondensedPartId><DOFMask PropType="unsigned int">119</DOFMask><DOFMaskType PropType="string">ProgramControlled</DOFMaskType><FreeStanding PropType="bool">false</FreeStanding><HasScoping PropType="bool">true</HasScoping><LoadBehavior PropType="string">Rigid</LoadBehavior><Location PropType="vector&lt;double>" UCat="Length" Unt="mm">    0,    0,    0</Location><LocationX PropType="double" UCat="Length" Unt="m">    1</LocationX><LocationY PropType="double" UCat="Length" Unt="m">    1</LocationY><LocationZ PropType="double" UCat="Length" Unt="m">    1</LocationZ><NodeReferenceId PropType="unsigned int">81</NodeReferenceId><ParentId PropType="unsigned int">99</ParentId><ParentName PropType="string">Revolute - Line Body To Line Body</ParentName><PartIds PropType="vector&lt;unsigned int>">22</PartIds><PinballSize PropType="double" UCat="Length" Unt="mm">    0</PinballSize><Radius PropType="double" UCat="Length" Unt="m">    0</Radius><RefCoordSysId PropType="unsigned int">102</RefCoordSysId><RemotePointPhysicsType PropType="int">0</RemotePointPhysicsType><Scoping PropType="vector&lt;string>">105</Scoping><StageId PropType="int">0</StageId><UsedForDirectScoping PropType="bool">false</UsedForDirectScoping></RemotePointRep><RemotePointRep ObjId="101" Type="RemotePointRep" Ver="3"><BeamMaterialName PropType="string">Structural Steel</BeamMaterialName><Caption PropType="string">Internal Remote Point 12</Caption><CondensedPartId PropType="int">0</CondensedPartId><DOFMask PropType="unsigned int">119</DOFMask><DOFMaskType PropType="string">ProgramControlled</DOFMaskType><FreeStanding PropType="bool">false</FreeStanding><HasScoping PropType="bool">true</HasScoping><LoadBehavior PropType="string">Rigid</LoadBehavior><Location PropType="vector&lt;double>" UCat="Length" Unt="mm">    0,    0,    0</Location><LocationX PropType="double" UCat="Length" Unt="m">    1</LocationX><LocationY PropType="double" UCat="Length" Unt="m">    1</LocationY><LocationZ PropType="double" UCat="Length" Unt="m">    1</LocationZ><NodeReferenceId PropType="unsigned int">84</NodeReferenceId><ParentId PropType="unsigned int">99</ParentId><ParentName PropType="string">Revolute - Line Body To Line Body</ParentName><PartIds PropType="vector&lt;unsigned int>">19</PartIds><PinballSize PropType="double" UCat="Length" Unt="mm">    0</PinballSize><Radius PropType="double" UCat="Length" Unt="m">    0</Radius><RefCoordSysId PropType="unsigned int">102</RefCoordSysId><RemotePointPhysicsType PropType="int">0</RemotePointPhysicsType><Scoping PropType="vector&lt;string>">106</Scoping><StageId PropType="int">0</StageId><UsedForDirectScoping PropType="bool">false</UsedForDirectScoping></RemotePointRep><RemotePointRep ObjId="60" Type="RemotePointRep" Ver="3"><BeamMaterialName PropType="string">Structural Steel</BeamMaterialName><Caption PropType="string">Internal Remote Point</Caption><CondensedPartId PropType="int">0</CondensedPartId><DOFMask PropType="unsigned int">119</DOFMask><DOFMaskType PropType="string">ProgramControlled</DOFMaskType><FreeStanding PropType="bool">false</FreeStanding><HasScoping PropType="bool">true</HasScoping><LoadBehavior PropType="string">Rigid</LoadBehavior><Location PropType="vector&lt;double>" UCat="Length" Unt="mm">    0,    0,    0</Location><LocationX PropType="double" UCat="Length" Unt="m">    1</LocationX><LocationY PropType="double" UCat="Length" Unt="m">    1</LocationY><LocationZ PropType="double" UCat="Length" Unt="m">    1</LocationZ><NodeReferenceId PropType="unsigned int">56</NodeReferenceId><ParentId PropType="unsigned int">59</ParentId><ParentName PropType="string">Revolute - Line Body To Line Body</ParentName><PartIds PropType="vector&lt;unsigned int>">25</PartIds><PinballSize PropType="double" UCat="Length" Unt="mm">    0</PinballSize><Radius PropType="double" UCat="Length" Unt="m">    0</Radius><RefCoordSysId PropType="unsigned int">62</RefCoordSysId><RemotePointPhysicsType PropType="int">0</RemotePointPhysicsType><Scoping PropType="vector&lt;string>">65</Scoping><StageId PropType="int">0</StageId><UsedForDirectScoping PropType="bool">false</UsedForDirectScoping></RemotePointRep><RemotePointRep ObjId="61" Type="RemotePointRep" Ver="3"><BeamMaterialName PropType="string">Structural Steel</BeamMaterialName><Caption PropType="string">Internal Remote Point 2</Caption><CondensedPartId PropType="int">0</CondensedPartId><DOFMask PropType="unsigned int">119</DOFMask><DOFMaskType PropType="string">ProgramControlled</DOFMaskType><FreeStanding PropType="bool">false</FreeStanding><HasScoping PropType="bool">true</HasScoping><LoadBehavior PropType="string">Rigid</LoadBehavior><Location PropType="vector&lt;double>" UCat="Length" Unt="mm">    0,    0,    0</Location><LocationX PropType="double" UCat="Length" Unt="m">    1</LocationX><LocationY PropType="double" UCat="Length" Unt="m">    1</LocationY><LocationZ PropType="double" UCat="Length" Unt="m">    1</LocationZ><NodeReferenceId PropType="unsigned int">59</NodeReferenceId><ParentId PropType="unsigned int">59</ParentId><ParentName PropType="string">Revolute - Line Body To Line Body</ParentName><PartIds PropType="vector&lt;unsigned int>">19</PartIds><PinballSize PropType="double" UCat="Length" Unt="mm">    0</PinballSize><Radius PropType="double" UCat="Length" Unt="m">    0</Radius><RefCoordSysId PropType="unsigned int">62</RefCoordSysId><RemotePointPhysicsType PropType="int">0</RemotePointPhysicsType><Scoping PropType="vector&lt;string>">66</Scoping><StageId PropType="int">0</StageId><UsedForDirectScoping PropType="bool">false</UsedForDirectScoping></RemotePointRep><RemotePointRep ObjId="68" Type="RemotePointRep" Ver="3"><BeamMaterialName PropType="string">Structural Steel</BeamMaterialName><Caption PropType="string">Internal Remote Point 3</Caption><CondensedPartId PropType="int">0</CondensedPartId><DOFMask PropType="unsigned int">119</DOFMask><DOFMaskType PropType="string">ProgramControlled</DOFMaskType><FreeStanding PropType="bool">false</FreeStanding><HasScoping PropType="bool">true</HasScoping><LoadBehavior PropType="string">Rigid</LoadBehavior><Location PropType="vector&lt;double>" UCat="Length" Unt="mm">    0,    0,    0</Location><LocationX PropType="double" UCat="Length" Unt="m">    1</LocationX><LocationY PropType="double" UCat="Length" Unt="m">    1</LocationY><LocationZ PropType="double" UCat="Length" Unt="m">    1</LocationZ><NodeReferenceId PropType="unsigned int">61</NodeReferenceId><ParentId PropType="unsigned int">67</ParentId><ParentName PropType="string">Revolute - Line Body To Line Body</ParentName><PartIds PropType="vector&lt;unsigned int>">25</PartIds><PinballSize PropType="double" UCat="Length" Unt="mm">    0</PinballSize><Radius PropType="double" UCat="Length" Unt="m">    0</Radius><RefCoordSysId PropType="unsigned int">70</RefCoordSysId><RemotePointPhysicsType PropType="int">0</RemotePointPhysicsType><Scoping PropType="vector&lt;string>">73</Scoping><StageId PropType="int">0</StageId><UsedForDirectScoping PropType="bool">false</UsedForDirectScoping></RemotePointRep><RemotePointRep ObjId="69" Type="RemotePointRep" Ver="3"><BeamMaterialName PropType="string">Structural Steel</BeamMaterialName><Caption PropType="string">Internal Remote Point 4</Caption><CondensedPartId PropType="int">0</CondensedPartId><DOFMask PropType="unsigned int">119</DOFMask><DOFMaskType PropType="string">ProgramControlled</DOFMaskType><FreeStanding PropType="bool">false</FreeStanding><HasScoping PropType="bool">true</HasScoping><LoadBehavior PropType="string">Rigid</LoadBehavior><Location PropType="vector&lt;double>" UCat="Length" Unt="mm">    0,    0,    0</Location><LocationX PropType="double" UCat="Length" Unt="m">    1</LocationX><LocationY PropType="double" UCat="Length" Unt="m">    1</LocationY><LocationZ PropType="double" UCat="Length" Unt="m">    1</LocationZ><NodeReferenceId PropType="unsigned int">64</NodeReferenceId><ParentId PropType="unsigned int">67</ParentId><ParentName PropType="string">Revolute - Line Body To Line Body</ParentName><PartIds PropType="vector&lt;unsigned int>">19</PartIds><PinballSize PropType="double" UCat="Length" Unt="mm">    0</PinballSize><Radius PropType="double" UCat="Length" Unt="m">    0</Radius><RefCoordSysId PropType="unsigned int">70</RefCoordSysId><RemotePointPhysicsType PropType="int">0</RemotePointPhysicsType><Scoping PropType="vector&lt;string>">74</Scoping><StageId PropType="int">0</StageId><UsedForDirectScoping PropType="bool">false</UsedForDirectScoping></RemotePointRep><RemotePointRep ObjId="76" Type="RemotePointRep" Ver="3"><BeamMaterialName PropType="string">Structural Steel</BeamMaterialName><Caption PropType="string">Internal Remote Point 5</Caption><CondensedPartId PropType="int">0</CondensedPartId><DOFMask PropType="unsigned int">119</DOFMask><DOFMaskType PropType="string">ProgramControlled</DOFMaskType><FreeStanding PropType="bool">false</FreeStanding><HasScoping PropType="bool">true</HasScoping><LoadBehavior PropType="string">Rigid</LoadBehavior><Location PropType="vector&lt;double>" UCat="Length" Unt="mm">    0,    0,    0</Location><LocationX PropType="double" UCat="Length" Unt="m">    1</LocationX><LocationY PropType="double" UCat="Length" Unt="m">    1</LocationY><LocationZ PropType="double" UCat="Length" Unt="m">    1</LocationZ><NodeReferenceId PropType="unsigned int">66</NodeReferenceId><ParentId PropType="unsigned int">75</ParentId><ParentName PropType="string">Revolute - Line Body To Line Body</ParentName><PartIds PropType="vector&lt;unsigned int>">25</PartIds><PinballSize PropType="double" UCat="Length" Unt="mm">    0</PinballSize><Radius PropType="double" UCat="Length" Unt="m">    0</Radius><RefCoordSysId PropType="unsigned int">78</RefCoordSysId><RemotePointPhysicsType PropType="int">0</RemotePointPhysicsType><Scoping PropType="vector&lt;string>">82</Scoping><StageId PropType="int">0</StageId><UsedForDirectScoping PropType="bool">false</UsedForDirectScoping></RemotePointRep><RemotePointRep ObjId="77" Type="RemotePointRep" Ver="3"><BeamMaterialName PropType="string">Structural Steel</BeamMaterialName><Caption PropType="string">Internal Remote Point 6</Caption><CondensedPartId PropType="int">0</CondensedPartId><DOFMask PropType="unsigned int">119</DOFMask><DOFMaskType PropType="string">ProgramControlled</DOFMaskType><FreeStanding PropType="bool">false</FreeStanding><HasScoping PropType="bool">true</HasScoping><LoadBehavior PropType="string">Rigid</LoadBehavior><Location PropType="vector&lt;double>" UCat="Length" Unt="mm">    0,    0,    0</Location><LocationX PropType="double" UCat="Length" Unt="m">    1</LocationX><LocationY PropType="double" UCat="Length" Unt="m">    1</LocationY><LocationZ PropType="double" UCat="Length" Unt="m">    1</LocationZ><NodeReferenceId PropType="unsigned int">69</NodeReferenceId><ParentId PropType="unsigned int">75</ParentId><ParentName PropType="string">Revolute - Line Body To Line Body</ParentName><PartIds PropType="vector&lt;unsigned int>">19</PartIds><PinballSize PropType="double" UCat="Length" Unt="mm">    0</PinballSize><Radius PropType="double" UCat="Length" Unt="m">    0</Radius><RefCoordSysId PropType="unsigned int">78</RefCoordSysId><RemotePointPhysicsType PropType="int">0</RemotePointPhysicsType><Scoping PropType="vector&lt;string>">79</Scoping><StageId PropType="int">0</StageId><UsedForDirectScoping PropType="bool">false</UsedForDirectScoping></RemotePointRep><RemotePointRep ObjId="84" Type="RemotePointRep" Ver="3"><BeamMaterialName PropType="string">Structural Steel</BeamMaterialName><Caption PropType="string">Internal Remote Point 7</Caption><CondensedPartId PropType="int">0</CondensedPartId><DOFMask PropType="unsigned int">119</DOFMask><DOFMaskType PropType="string">ProgramControlled</DOFMaskType><FreeStanding PropType="bool">false</FreeStanding><HasScoping PropType="bool">true</HasScoping><LoadBehavior PropType="string">Rigid</LoadBehavior><Location PropType="vector&lt;double>" UCat="Length" Unt="mm">    0,    0,    0</Location><LocationX PropType="double" UCat="Length" Unt="m">    1</LocationX><LocationY PropType="double" UCat="Length" Unt="m">    1</LocationY><LocationZ PropType="double" UCat="Length" Unt="m">    1</LocationZ><NodeReferenceId PropType="unsigned int">71</NodeReferenceId><ParentId PropType="unsigned int">83</ParentId><ParentName PropType="string">Revolute - Line Body To Line Body</ParentName><PartIds PropType="vector&lt;unsigned int>">22</PartIds><PinballSize PropType="double" UCat="Length" Unt="mm">    0</PinballSize><Radius PropType="double" UCat="Length" Unt="m">    0</Radius><RefCoordSysId PropType="unsigned int">86</RefCoordSysId><RemotePointPhysicsType PropType="int">0</RemotePointPhysicsType><Scoping PropType="vector&lt;string>">89</Scoping><StageId PropType="int">0</StageId><UsedForDirectScoping PropType="bool">false</UsedForDirectScoping></RemotePointRep><RemotePointRep ObjId="85" Type="RemotePointRep" Ver="3"><BeamMaterialName PropType="string">Structural Steel</BeamMaterialName><Caption PropType="string">Internal Remote Point 8</Caption><CondensedPartId PropType="int">0</CondensedPartId><DOFMask PropType="unsigned int">119</DOFMask><DOFMaskType PropType="string">ProgramControlled</DOFMaskType><FreeStanding PropType="bool">false</FreeStanding><HasScoping PropType="bool">true</HasScoping><LoadBehavior PropType="string">Rigid</LoadBehavior><Location PropType="vector&lt;double>" UCat="Length" Unt="mm">    0,    0,    0</Location><LocationX PropType="double" UCat="Length" Unt="m">    1</LocationX><LocationY PropType="double" UCat="Length" Unt="m">    1</LocationY><LocationZ PropType="double" UCat="Length" Unt="m">    1</LocationZ><NodeReferenceId PropType="unsigned int">74</NodeReferenceId><ParentId PropType="unsigned int">83</ParentId><ParentName PropType="string">Revolute - Line Body To Line Body</ParentName><PartIds PropType="vector&lt;unsigned int>">19</PartIds><PinballSize PropType="double" UCat="Length" Unt="mm">    0</PinballSize><Radius PropType="double" UCat="Length" Unt="m">    0</Radius><RefCoordSysId PropType="unsigned int">86</RefCoordSysId><RemotePointPhysicsType PropType="int">0</RemotePointPhysicsType><Scoping PropType="vector&lt;string>">90</Scoping><StageId PropType="int">0</StageId><UsedForDirectScoping PropType="bool">false</UsedForDirectScoping></RemotePointRep><RemotePointRep ObjId="92" Type="RemotePointRep" Ver="3"><BeamMaterialName PropType="string">Structural Steel</BeamMaterialName><Caption PropType="string">Internal Remote Point 9</Caption><CondensedPartId PropType="int">0</CondensedPartId><DOFMask PropType="unsigned int">119</DOFMask><DOFMaskType PropType="string">ProgramControlled</DOFMaskType><FreeStanding PropType="bool">false</FreeStanding><HasScoping PropType="bool">true</HasScoping><LoadBehavior PropType="string">Rigid</LoadBehavior><Location PropType="vector&lt;double>" UCat="Length" Unt="mm">    0,    0,    0</Location><LocationX PropType="double" UCat="Length" Unt="m">    1</LocationX><LocationY PropType="double" UCat="Length" Unt="m">    1</LocationY><LocationZ PropType="double" UCat="Length" Unt="m">    1</LocationZ><NodeReferenceId PropType="unsigned int">76</NodeReferenceId><ParentId PropType="unsigned int">91</ParentId><ParentName PropType="string">Revolute - Line Body To Line Body</ParentName><PartIds PropType="vector&lt;unsigned int>">22</PartIds><PinballSize PropType="double" UCat="Length" Unt="mm">    0</PinballSize><Radius PropType="double" UCat="Length" Unt="m">    0</Radius><RefCoordSysId PropType="unsigned int">94</RefCoordSysId><RemotePointPhysicsType PropType="int">0</RemotePointPhysicsType><Scoping PropType="vector&lt;string>">98</Scoping><StageId PropType="int">0</StageId><UsedForDirectScoping PropType="bool">false</UsedForDirectScoping></RemotePointRep><RemotePointRep ObjId="93" Type="RemotePointRep" Ver="3"><BeamMaterialName PropType="string">Structural Steel</BeamMaterialName><Caption PropType="string">Internal Remote Point 10</Caption><CondensedPartId PropType="int">0</CondensedPartId><DOFMask PropType="unsigned int">119</DOFMask><DOFMaskType PropType="string">ProgramControlled</DOFMaskType><FreeStanding PropType="bool">false</FreeStanding><HasScoping PropType="bool">true</HasScoping><LoadBehavior PropType="string">Rigid</LoadBehavior><Location PropType="vector&lt;double>" UCat="Length" Unt="mm">    0,    0,    0</Location><LocationX PropType="double" UCat="Length" Unt="m">    1</LocationX><LocationY PropType="double" UCat="Length" Unt="m">    1</LocationY><LocationZ PropType="double" UCat="Length" Unt="m">    1</LocationZ><NodeReferenceId PropType="unsigned int">79</NodeReferenceId><ParentId PropType="unsigned int">91</ParentId><ParentName PropType="string">Revolute - Line Body To Line Body</ParentName><PartIds PropType="vector&lt;unsigned int>">19</PartIds><PinballSize PropType="double" UCat="Length" Unt="mm">    0</PinballSize><Radius PropType="double" UCat="Length" Unt="m">    0</Radius><RefCoordSysId PropType="unsigned int">94</RefCoordSysId><RemotePointPhysicsType PropType="int">0</RemotePointPhysicsType><Scoping PropType="vector&lt;string>">95</Scoping><StageId PropType="int">0</StageId><UsedForDirectScoping PropType="bool">false</UsedForDirectScoping></RemotePointRep></ServiceRep></EngineeringRep><GeometryRep ObjId="134" Type="GeometryRep" Ver="2"><ActiveAssembly PropType="unsigned int">1</ActiveAssembly><PartsAssembly PropType="string">00000000032FE038</PartsAssembly><Units PropType="string">m</Units></GeometryRep><MaterialLibraryRep ObjId="133" Type="MaterialLibraryRep" Ver="2"><FileName PropType="string">MatML.xml</FileName></MaterialLibraryRep><MeshRep ObjId="132" Type="MeshRep" Ver="2"><AssemblyMesh PropType="string">000000003C42B4A8</AssemblyMesh><Configuration PropType="unsigned int">48</Configuration><IndependentMesh PropType="string">IndependentMesh.bin</IndependentMesh><RigidBodyBehavior PropType="string">DimensionallyReduced</RigidBodyBehavior><Units PropType="string">m</Units></MeshRep><SolverRep ObjId="184" Type="SolverRep" Ver="2"><AnalysisType PropType="string">Static</AnalysisType><IsCoupledFieldSystem PropType="bool">false</IsCoupledFieldSystem><PhysicsType PropType="string">Mechanical</PhysicsType><SolverTargetName PropType="string">ANSYS</SolverTargetName><SolverUnits PropType="int">6</SolverUnits><UnknownPointerId PropType="string">0000000002F15AA0</UnknownPointerId><FEConnectorsRep ObjId="36" Type="FEConnectorsRep" Ver="2"><StepSelection PropType="int">0</StepSelection></FEConnectorsRep><FileManagementRep ObjId="186" Type="FileManagementRep" Ver="2"><DeleteUnneededFiles PropType="bool">true</DeleteUnneededFiles><SolverFileDirectory PropType="string"/><SolverFileRelativeDirectory PropType="string"/></FileManagementRep><ProcessControls ObjId="185" Type="ProcessControls" Ver="2"><DistributedSolve PropType="bool">true</DistributedSolve><IsLocal PropType="bool">true</IsLocal><IsRSMSolve PropType="bool">false</IsRSMSolve><ManualMemorySettings PropType="bool">false</ManualMemorySettings><MaxProcessors PropType="int">4</MaxProcessors></ProcessControls><AnalysisSettings CAEType="extObj"><StaticMechanicalSettings version="1.0"><StepControls version="1.0"><EndTime>1.</EndTime><TimeStepOptions version="1.0"><AutoTimeSteppingType>ProgramControlled</AutoTimeSteppingType></TimeStepOptions><NonlinearControls version="1.0"><Force><ProgramControlled/></Force><Moment><ProgramControlled/></Moment><Rotation><ProgramControlled/></Rotation><Displacement><ProgramControlled/></Displacement><LineSearch>ProgramControlled</LineSearch><StabilizationControls><StabilizationControls version="1.0"><Controls>Program Controlled</Controls><Method>Energy</Method><EnergyDissipationRatio>1.e-004</EnergyDissipationRatio><DampingFactor>0.</DampingFactor><FirstSubstepOption>No</FirstSubstepOption><ForceLimit>0.2</ForceLimit></StabilizationControls></StabilizationControls></NonlinearControls><OutputControls version="1.0"><Stress>true</Stress><Strain>true</Strain><Contact>false</Contact><TimePointsOptions>All</TimePointsOptions><MaxNumberofResultSets>1000</MaxNumberofResultSets><GeneralMisc>false</GeneralMisc><CalculateFracture>false</CalculateFracture><SurfaceStress>false</SurfaceStress><BackStress>false</BackStress><ElementContactData>true</ElementContactData><ElementNonlinearData>false</ElementNonlinearData><ElementEulerAngles>true</ElementEulerAngles><ElementEnergies>true</ElementEnergies><ElementEnergies>true</ElementEnergies><ExportRecoaterInterference>false</ExportRecoaterInterference><ResultSetsType>Auto</ResultSetsType><CacheResultsInMemoryType>Never</CacheResultsInMemoryType><StoreModalResult>ProgramControlled</StoreModalResult><ExpandResultFrom>ProgramControlled</ExpandResultFrom><ProgControlledExpansion>Unknown</ProgControlledExpansion><NodalForcesType>No</NodalForcesType><CalculateParticipationFactorResult>ProgramControlled</CalculateParticipationFactorResult><CombineResultFiles>ProgramControlled</CombineResultFiles><ResultFileCompression>ProgramControlled</ResultFileCompression><TimePointsOptions>All</TimePointsOptions><ResultSets></ResultSets></OutputControls><CreepControls version="1.0"><CreepActivation/><CreepLimitRatio>1.</CreepLimitRatio></CreepControls><NonlinearAdaptivityControls version="3.0"><NLADHasMesh>0.</NLADHasMesh><NLADRefinementAlgorithm>0.</NLADRefinementAlgorithm><NLADRemeshingGradient>3.</NLADRemeshingGradient><NLADNumSculptedLayers>2.</NLADNumSculptedLayers><NLADNumSculptedLayersVal2>2.</NLADNumSculptedLayersVal2><NLADBoundaryAngle>15.</NLADBoundaryAngle><NLADRemeshingTolerance>5.e-002</NLADRemeshingTolerance><NLADRemeshingToleranceVal2>0.5</NLADRemeshingToleranceVal2><NLADGlobalSizeRatio>1.</NLADGlobalSizeRatio><NLADGlobalSizeRatioVal2>0.75</NLADGlobalSizeRatioVal2><NLADEdgeSplitAngle>10.</NLADEdgeSplitAngle><NLADLocalSizeRatio>1.</NLADLocalSizeRatio><NLADAggressiveRemeshing>0.</NLADAggressiveRemeshing><NLADProjectToGeometry>0.</NLADProjectToGeometry></NonlinearAdaptivityControls><InertialRelief>false</InertialRelief><InverseSolving>false</InverseSolving><LoadCaseIdentifier></LoadCaseIdentifier></StepControls><SolverControls version="1.0"><SolverType><ProgramControlled/></SolverType><UseLargeDeformation>false</UseLargeDeformation><WeakSprings><Off/></WeakSprings><FractureSolution>true</FractureSolution><NewtonRaphsonType><ProgramControlled/></NewtonRaphsonType><SolverPivotChecking>ProgramControlled</SolverPivotChecking><ContactSplit><Off/></ContactSplit><QuasiStaticOption>false</QuasiStaticOption><SemiImplicit><Off/></SemiImplicit><CyclicMSUP>false</CyclicMSUP></SolverControls><SolverFileControls version="1.0"><SolverEngineType>ANSYS</SolverEngineType><FutureAnalysisType>SaveFilesForPrestressedModalAnalysis</FutureAnalysisType><SolverUnits>6</SolverUnits><SolverFilesDirectory>D:\Felipe Coquito\OneDrive\Documents\Estudo\FEI\FEI - 7 Sem\MEP240 - MECANICA SOLIDOS COMPUTACIONAL\Portico_files\dp0\SYS\MECH\</SolverFilesDirectory><SolverJobname>file</SolverJobname><ScratchSolverFilesDirectory>D:\Felipe Coquito\OneDrive\Documents\Estudo\FEI\FEI - 7 Sem\MEP240 - MECANICA SOLIDOS COMPUTACIONAL\_ProjectScratch\Scr896A\</ScratchSolverFilesDirectory><AdditionalList></AdditionalList><SaveANSYSDB>false</SaveANSYSDB><ContactSummary>kAnalysisSettingsContactSummaryProgramControlled</ContactSummary><DeleteUnusedFiles>true</DeleteUnusedFiles><ResultFile></ResultFile><NonlinearSolution>false</NonlinearSolution></SolverFileControls><RestartAnalysis version="1.0"><RestartType>ProgramControlled</RestartType><RestartAction>ContinueAnalysis</RestartAction><RestartAtLoadStep>0</RestartAtLoadStep><RestartAtSubstep>0</RestartAtSubstep><RestartAtTime>0.000000000000000</RestartAtTime><EndStepTime>0.000000000000000</EndStepTime><MaxRestartAutoTime>0.000000000000000</MaxRestartAutoTime><ModifiedLoads></ModifiedLoads></RestartAnalysis><RestartControls version="1.0"><Controls>ProgramControlled</Controls><SaveAtLoadStep>None</SaveAtLoadStep><SaveSpecifiedLoadStep>1</SaveSpecifiedLoadStep><SaveAtSubstep>None</SaveAtSubstep><SaveSubstepFrequency>1</SaveSubstepFrequency><SaveMaximumFiles>0</SaveMaximumFiles><RetainFiles>Yes</RetainFiles><CombineMultiFrames>ProgramControlled</CombineMultiFrames></RestartControls><FractureControls version="1.0"><FractureSolverControls><HasSMARTCrackGrowth>false</HasSMARTCrackGrowth></FractureSolverControls></FractureControls><RotordynamicsControls version="1.0"><CoriolisEffect>No</CoriolisEffect><ReferenceFrameStationary>Stationary</ReferenceFrameStationary><RotatingDampingEffect>No</RotatingDampingEffect><CampbellDiagram>No</CampbellDiagram><Sorting>Yes</Sorting><ModalNumberofPoints>2</ModalNumberofPoints><ModeReuse>ProgramControlled</ModeReuse></RotordynamicsControls><MeshRestartControls version="1.0"><Controls>ProgramControlled</Controls><SaveAtLoadStep>None</SaveAtLoadStep><SaveAtSubstep>None</SaveAtSubstep><SaveSubstepFrequency>1</SaveSubstepFrequency><RetainFiles>Yes</RetainFiles></MeshRestartControls></StaticMechanicalSettings></AnalysisSettings></SolverRep></CAERep>