<?xml version="1.0" encoding="UTF-8" standalone="no" ?><CAERep ObjId="139" Type="CAERep" Ver="2"><DSEnvironmentID PropType="int">43</DSEnvironmentID><ExternalProductVersion PropType="string">2022 R2</ExternalProductVersion><Goal PropType="string">RunSolver</Goal><HasBetaKeyOn PropType="bool">false</HasBetaKeyOn><InProcess PropType="bool">true</InProcess><LastDatabaseId PropType="unsigned int">183</LastDatabaseId><NumProcessorsForPost PropType="int">0</NumProcessorsForPost><PID_Legacy_Solve PropType="int">0</PID_Legacy_Solve><PartialCode PropType="int">1</PartialCode><ProductVersion PropType="string">22.2 RELEASE</ProductVersion><ProductVersionForSec PropType="string">22.2</ProductVersionForSec><ProjectName PropType="string">Portico--Eigenvalue Buckling (C5)</ProjectName><ReturnCode PropType="int">1</ReturnCode><SolveInvokedFromAddin PropType="int">0</SolveInvokedFromAddin><SysvarMap PropType="map&lt;string,string>"><Entry key="DSSolver ProgId">AMKSolver.AMKSolver.222</Entry></SysvarMap><EngineeringRep ObjId="140" Type="EngineeringRep" Ver="2"><BCRep ObjId="143" Type="BCRep" Ver="2"><StepEndTimes PropType="vector&lt;double>" UCat="Time" Unt="s">    1</StepEndTimes><JointRep ObjId="59" Type="JointRep" Ver="2"><Caption PropType="string">Revolute - Line Body To Line Body</Caption><CondensedPartId PropType="int">0</CondensedPartId><DOFMask PropType="unsigned int">55</DOFMask><MeshReferenceId PropType="unsigned int">58</MeshReferenceId><MobileAnsPoint PropType="unsigned int">61</MobileAnsPoint><MobileCoordinateSysId PropType="unsigned int">62</MobileCoordinateSysId><MobileNodeId PropType="unsigned int">398</MobileNodeId><ReferenceAnsPoint PropType="unsigned int">60</ReferenceAnsPoint><ReferenceCoordinateSysId PropType="unsigned int">62</ReferenceCoordinateSysId><ReferenceNodeId PropType="unsigned int">397</ReferenceNodeId><Scoping PropType="vector&lt;string>">65,66</Scoping><ScopingType PropType="string">BodyToBody</ScopingType><SolverElementType PropType="string">ProgramControlled</SolverElementType><StageId PropType="int">0</StageId><Type PropType="string">Revolute</Type><JointFrictionProperties ObjId="170" Type="JointFrictionProperties" Ver="2"><DynamicFrictionCoefficient PropType="double">    0</DynamicFrictionCoefficient><FrictionEffectiveLength PropType="double" UCat="Length" Unt="mm">    0</FrictionEffectiveLength><FrictionInnerRadius PropType="double" UCat="Length" Unt="mm">    0</FrictionInnerRadius><FrictionOuterRadius PropType="double" UCat="Length" Unt="mm">    0</FrictionOuterRadius><FrictionRadius PropType="double" UCat="Length" Unt="m">    0</FrictionRadius><FrictionType PropType="string">ProgramControlled</FrictionType></JointFrictionProperties><TorsionalProperties ObjId="169" Type="TorsionalProperties" Ver="2"><TorsionalDamping PropType="double" UCat="RotationalDamping" Unt="tonne mm^2 s s^-2 rad^-1">    0</TorsionalDamping><TorsionalStiffness PropType="double" UCat="RotationalStiffness" Unt="tonne mm^2 s^-2 rad^-1">    0</TorsionalStiffness></TorsionalProperties></JointRep><JointRep ObjId="67" Type="JointRep" Ver="2"><Caption PropType="string">Revolute - Line Body To Line Body</Caption><CondensedPartId PropType="int">0</CondensedPartId><DOFMask PropType="unsigned int">55</DOFMask><MeshReferenceId PropType="unsigned int">63</MeshReferenceId><MobileAnsPoint PropType="unsigned int">69</MobileAnsPoint><MobileCoordinateSysId PropType="unsigned int">70</MobileCoordinateSysId><MobileNodeId PropType="unsigned int">400</MobileNodeId><ReferenceAnsPoint PropType="unsigned int">68</ReferenceAnsPoint><ReferenceCoordinateSysId PropType="unsigned int">70</ReferenceCoordinateSysId><ReferenceNodeId PropType="unsigned int">399</ReferenceNodeId><Scoping PropType="vector&lt;string>">73,74</Scoping><ScopingType PropType="string">BodyToBody</ScopingType><SolverElementType PropType="string">ProgramControlled</SolverElementType><StageId PropType="int">0</StageId><Type PropType="string">Revolute</Type><JointFrictionProperties ObjId="172" Type="JointFrictionProperties" Ver="2"><DynamicFrictionCoefficient PropType="double">    0</DynamicFrictionCoefficient><FrictionEffectiveLength PropType="double" UCat="Length" Unt="mm">    0</FrictionEffectiveLength><FrictionInnerRadius PropType="double" UCat="Length" Unt="mm">    0</FrictionInnerRadius><FrictionOuterRadius PropType="double" UCat="Length" Unt="mm">    0</FrictionOuterRadius><FrictionRadius PropType="double" UCat="Length" Unt="m">    0</FrictionRadius><FrictionType PropType="string">ProgramControlled</FrictionType></JointFrictionProperties><TorsionalProperties ObjId="171" Type="TorsionalProperties" Ver="2"><TorsionalDamping PropType="double" UCat="RotationalDamping" Unt="tonne mm^2 s s^-2 rad^-1">    0</TorsionalDamping><TorsionalStiffness PropType="double" UCat="RotationalStiffness" Unt="tonne mm^2 s^-2 rad^-1">    0</TorsionalStiffness></TorsionalProperties></JointRep><JointRep ObjId="75" Type="JointRep" Ver="2"><Caption PropType="string">Revolute - Line Body To Line Body</Caption><CondensedPartId PropType="int">0</CondensedPartId><DOFMask PropType="unsigned int">55</DOFMask><MeshReferenceId PropType="unsigned int">68</MeshReferenceId><MobileAnsPoint PropType="unsigned int">77</MobileAnsPoint><MobileCoordinateSysId PropType="unsigned int">78</MobileCoordinateSysId><MobileNodeId PropType="unsigned int">402</MobileNodeId><ReferenceAnsPoint PropType="unsigned int">76</ReferenceAnsPoint><ReferenceCoordinateSysId PropType="unsigned int">78</ReferenceCoordinateSysId><ReferenceNodeId PropType="unsigned int">401</ReferenceNodeId><Scoping PropType="vector&lt;string>">82,79</Scoping><ScopingType PropType="string">BodyToBody</ScopingType><SolverElementType PropType="string">ProgramControlled</SolverElementType><StageId PropType="int">0</StageId><Type PropType="string">Revolute</Type><JointFrictionProperties ObjId="174" Type="JointFrictionProperties" Ver="2"><DynamicFrictionCoefficient PropType="double">    0</DynamicFrictionCoefficient><FrictionEffectiveLength PropType="double" UCat="Length" Unt="mm">    0</FrictionEffectiveLength><FrictionInnerRadius PropType="double" UCat="Length" Unt="mm">    0</FrictionInnerRadius><FrictionOuterRadius PropType="double" UCat="Length" Unt="mm">    0</FrictionOuterRadius><FrictionRadius PropType="double" UCat="Length" Unt="m">    0</FrictionRadius><FrictionType PropType="string">ProgramControlled</FrictionType></JointFrictionProperties><TorsionalProperties ObjId="173" Type="TorsionalProperties" Ver="2"><TorsionalDamping PropType="double" UCat="RotationalDamping" Unt="tonne mm^2 s s^-2 rad^-1">    0</TorsionalDamping><TorsionalStiffness PropType="double" UCat="RotationalStiffness" Unt="tonne mm^2 s^-2 rad^-1">    0</TorsionalStiffness></TorsionalProperties></JointRep><JointRep ObjId="83" Type="JointRep" Ver="2"><Caption PropType="string">Revolute - Line Body To Line Body</Caption><CondensedPartId PropType="int">0</CondensedPartId><DOFMask PropType="unsigned int">55</DOFMask><MeshReferenceId PropType="unsigned int">73</MeshReferenceId><MobileAnsPoint PropType="unsigned int">85</MobileAnsPoint><MobileCoordinateSysId PropType="unsigned int">86</MobileCoordinateSysId><MobileNodeId PropType="unsigned int">404</MobileNodeId><ReferenceAnsPoint PropType="unsigned int">84</ReferenceAnsPoint><ReferenceCoordinateSysId PropType="unsigned int">86</ReferenceCoordinateSysId><ReferenceNodeId PropType="unsigned int">403</ReferenceNodeId><Scoping PropType="vector&lt;string>">89,90</Scoping><ScopingType PropType="string">BodyToBody</ScopingType><SolverElementType PropType="string">ProgramControlled</SolverElementType><StageId PropType="int">0</StageId><Type PropType="string">Revolute</Type><JointFrictionProperties ObjId="176" Type="JointFrictionProperties" Ver="2"><DynamicFrictionCoefficient PropType="double">    0</DynamicFrictionCoefficient><FrictionEffectiveLength PropType="double" UCat="Length" Unt="mm">    0</FrictionEffectiveLength><FrictionInnerRadius PropType="double" UCat="Length" Unt="mm">    0</FrictionInnerRadius><FrictionOuterRadius PropType="double" UCat="Length" Unt="mm">    0</FrictionOuterRadius><FrictionRadius PropType="double" UCat="Length" Unt="m">    0</FrictionRadius><FrictionType PropType="string">ProgramControlled</FrictionType></JointFrictionProperties><TorsionalProperties ObjId="175" Type="TorsionalProperties" Ver="2"><TorsionalDamping PropType="double" UCat="RotationalDamping" Unt="tonne mm^2 s s^-2 rad^-1">    0</TorsionalDamping><TorsionalStiffness PropType="double" UCat="RotationalStiffness" Unt="tonne mm^2 s^-2 rad^-1">    0</TorsionalStiffness></TorsionalProperties></JointRep><JointRep ObjId="91" Type="JointRep" Ver="2"><Caption PropType="string">Revolute - Line Body To Line Body</Caption><CondensedPartId PropType="int">0</CondensedPartId><DOFMask PropType="unsigned int">55</DOFMask><MeshReferenceId PropType="unsigned int">78</MeshReferenceId><MobileAnsPoint PropType="unsigned int">93</MobileAnsPoint><MobileCoordinateSysId PropType="unsigned int">94</MobileCoordinateSysId><MobileNodeId PropType="unsigned int">406</MobileNodeId><ReferenceAnsPoint PropType="unsigned int">92</ReferenceAnsPoint><ReferenceCoordinateSysId PropType="unsigned int">94</ReferenceCoordinateSysId><ReferenceNodeId PropType="unsigned int">405</ReferenceNodeId><Scoping PropType="vector&lt;string>">98,95</Scoping><ScopingType PropType="string">BodyToBody</ScopingType><SolverElementType PropType="string">ProgramControlled</SolverElementType><StageId PropType="int">0</StageId><Type PropType="string">Revolute</Type><JointFrictionProperties ObjId="178" Type="JointFrictionProperties" Ver="2"><DynamicFrictionCoefficient PropType="double">    0</DynamicFrictionCoefficient><FrictionEffectiveLength PropType="double" UCat="Length" Unt="mm">    0</FrictionEffectiveLength><FrictionInnerRadius PropType="double" UCat="Length" Unt="mm">    0</FrictionInnerRadius><FrictionOuterRadius PropType="double" UCat="Length" Unt="mm">    0</FrictionOuterRadius><FrictionRadius PropType="double" UCat="Length" Unt="m">    0</FrictionRadius><FrictionType PropType="string">ProgramControlled</FrictionType></JointFrictionProperties><TorsionalProperties ObjId="177" Type="TorsionalProperties" Ver="2"><TorsionalDamping PropType="double" UCat="RotationalDamping" Unt="tonne mm^2 s s^-2 rad^-1">    0</TorsionalDamping><TorsionalStiffness PropType="double" UCat="RotationalStiffness" Unt="tonne mm^2 s^-2 rad^-1">    0</TorsionalStiffness></TorsionalProperties></JointRep><JointRep ObjId="99" Type="JointRep" Ver="2"><Caption PropType="string">Revolute - Line Body To Line Body</Caption><CondensedPartId PropType="int">0</CondensedPartId><DOFMask PropType="unsigned int">55</DOFMask><MeshReferenceId PropType="unsigned int">83</MeshReferenceId><MobileAnsPoint PropType="unsigned int">101</MobileAnsPoint><MobileCoordinateSysId PropType="unsigned int">102</MobileCoordinateSysId><MobileNodeId PropType="unsigned int">408</MobileNodeId><ReferenceAnsPoint PropType="unsigned int">100</ReferenceAnsPoint><ReferenceCoordinateSysId PropType="unsigned int">102</ReferenceCoordinateSysId><ReferenceNodeId PropType="unsigned int">407</ReferenceNodeId><Scoping PropType="vector&lt;string>">105,106</Scoping><ScopingType PropType="string">BodyToBody</ScopingType><SolverElementType PropType="string">ProgramControlled</SolverElementType><StageId PropType="int">0</StageId><Type PropType="string">Revolute</Type><JointFrictionProperties ObjId="180" Type="JointFrictionProperties" Ver="2"><DynamicFrictionCoefficient PropType="double">    0</DynamicFrictionCoefficient><FrictionEffectiveLength PropType="double" UCat="Length" Unt="mm">    0</FrictionEffectiveLength><FrictionInnerRadius PropType="double" UCat="Length" Unt="mm">    0</FrictionInnerRadius><FrictionOuterRadius PropType="double" UCat="Length" Unt="mm">    0</FrictionOuterRadius><FrictionRadius PropType="double" UCat="Length" Unt="m">    0</FrictionRadius><FrictionType PropType="string">ProgramControlled</FrictionType></JointFrictionProperties><TorsionalProperties ObjId="179" Type="TorsionalProperties" Ver="2"><TorsionalDamping PropType="double" UCat="RotationalDamping" Unt="tonne mm^2 s s^-2 rad^-1">    0</TorsionalDamping><TorsionalStiffness PropType="double" UCat="RotationalStiffness" Unt="tonne mm^2 s^-2 rad^-1">    0</TorsionalStiffness></TorsionalProperties></JointRep></BCRep><GeometryAttributes ObjId="141" Type="GeometryAttributes" Ver="2"><AssemblyAttributes ObjId="142" Type="AssemblyAttributes" Ver="2"><ElementOptionControl PropType="string">ProgramControlled</ElementOptionControl><GeometrySource PropType="string">D:\Felipe Coquito\OneDrive\Documents\Estudo\FEI\FEI - 7 Sem\MEP240 - MECANICA SOLIDOS COMPUTACIONAL\Portico_files\dp0\SYS\DM\SYS.agdb</GeometrySource><Is2DAnalysis PropType="bool">false</Is2DAnalysis><IsMixedDimension PropType="bool">false</IsMixedDimension><PartAttributes ObjId="19" Type="PartAttributes" Ver="2"><Caption PropType="string">Line Body Bodies</Caption><Mass PropType="double" UCat="Mass" Unt="tonne">0.003362606893208609</Mass><PartId PropType="unsigned int">3</PartId><BodyAttributes ObjId="20" Type="BodyAttributes" Ver="2"><AreNonLinearEffectsOn PropType="bool">true</AreNonLinearEffectsOn><BeamCrossSectionId PropType="unsigned int">148</BeamCrossSectionId><BoundingBoxDiagonal PropType="double" UCat="Length" Unt="mm">538.5164928885856</BoundingBoxDiagonal><Caption PropType="string">Line Body</Caption><ElementCoordSysId PropType="unsigned int">30</ElementCoordSysId><GeometryType PropType="string">Wire</GeometryType><Mass PropType="double" UCat="Mass" Unt="tonne">0.003362606893208609</Mass><ModelType PropType="string">Beam</ModelType><OffsetType PropType="string">Centroid</OffsetType><ProtoReferenceId PropType="unsigned int">26</ProtoReferenceId><StiffnessBehavior PropType="string">Deformable</StiffnessBehavior><ThermalStrainCalculation PropType="bool">true</ThermalStrainCalculation><MaterialRep ObjId="152" Type="MaterialRep" Ver="2"><MaterialName PropType="string">Structural Steel</MaterialName><ReferenceTemperature PropType="double" UCat="Temperature" Unt="Celsius">   22</ReferenceTemperature><RelaxationTemperature PropType="double" UCat="Temperature" Unt="Celsius">    0</RelaxationTemperature><UnitSystem PropType="int">0</UnitSystem><UseReferenceTemperature PropType="bool">false</UseReferenceTemperature><UseRelaxationTemperature PropType="bool">false</UseRelaxationTemperature></MaterialRep></BodyAttributes></PartAttributes><PartAttributes ObjId="22" Type="PartAttributes" Ver="2"><Caption PropType="string">Line Body Bodies</Caption><Mass PropType="double" UCat="Mass" Unt="tonne">5.856817943079708e-05</Mass><PartId PropType="unsigned int">5</PartId><BodyAttributes ObjId="23" Type="BodyAttributes" Ver="2"><AreNonLinearEffectsOn PropType="bool">true</AreNonLinearEffectsOn><BeamCrossSectionId PropType="unsigned int">150</BeamCrossSectionId><BoundingBoxDiagonal PropType="double" UCat="Length" Unt="mm">360.5551236202024</BoundingBoxDiagonal><Caption PropType="string">Line Body</Caption><ElementCoordSysId PropType="unsigned int">30</ElementCoordSysId><GeometryType PropType="string">Wire</GeometryType><Mass PropType="double" UCat="Mass" Unt="tonne">5.856817943079708e-05</Mass><ModelType PropType="string">Beam</ModelType><OffsetType PropType="string">Centroid</OffsetType><ProtoReferenceId PropType="unsigned int">41</ProtoReferenceId><StiffnessBehavior PropType="string">Deformable</StiffnessBehavior><ThermalStrainCalculation PropType="bool">true</ThermalStrainCalculation><MaterialRep ObjId="153" Type="MaterialRep" Ver="2"><MaterialName PropType="string">Structural Steel</MaterialName><ReferenceTemperature PropType="double" UCat="Temperature" Unt="Celsius">   22</ReferenceTemperature><RelaxationTemperature PropType="double" UCat="Temperature" Unt="Celsius">    0</RelaxationTemperature><UnitSystem PropType="int">0</UnitSystem><UseReferenceTemperature PropType="bool">false</UseReferenceTemperature><UseRelaxationTemperature PropType="bool">false</UseRelaxationTemperature></MaterialRep></BodyAttributes></PartAttributes><PartAttributes ObjId="25" Type="PartAttributes" Ver="2"><Caption PropType="string">Line Body Bodies</Caption><Mass PropType="double" UCat="Mass" Unt="tonne">5.856817943079708e-05</Mass><PartId PropType="unsigned int">7</PartId><BodyAttributes ObjId="26" Type="BodyAttributes" Ver="2"><AreNonLinearEffectsOn PropType="bool">true</AreNonLinearEffectsOn><BeamCrossSectionId PropType="unsigned int">150</BeamCrossSectionId><BoundingBoxDiagonal PropType="double" UCat="Length" Unt="mm">360.5551236202024</BoundingBoxDiagonal><Caption PropType="string">Line Body</Caption><ElementCoordSysId PropType="unsigned int">30</ElementCoordSysId><GeometryType PropType="string">Wire</GeometryType><Mass PropType="double" UCat="Mass" Unt="tonne">5.856817943079708e-05</Mass><ModelType PropType="string">Beam</ModelType><OffsetType PropType="string">Centroid</OffsetType><ProtoReferenceId PropType="unsigned int">47</ProtoReferenceId><StiffnessBehavior PropType="string">Deformable</StiffnessBehavior><ThermalStrainCalculation PropType="bool">true</ThermalStrainCalculation><MaterialRep ObjId="154" Type="MaterialRep" Ver="2"><MaterialName PropType="string">Structural Steel</MaterialName><ReferenceTemperature PropType="double" UCat="Temperature" Unt="Celsius">   22</ReferenceTemperature><RelaxationTemperature PropType="double" UCat="Temperature" Unt="Celsius">    0</RelaxationTemperature><UnitSystem PropType="int">0</UnitSystem><UseReferenceTemperature PropType="bool">false</UseReferenceTemperature><UseRelaxationTemperature PropType="bool">false</UseRelaxationTemperature></MaterialRep></BodyAttributes></PartAttributes></AssemblyAttributes><BeamCrossSection ObjId="148" Type="BeamCrossSection" Ver="2"><Area PropType="double" UCat="Area" Unt="mm^2">  112</Area><BeamSectionPointerId PropType="string">000000002E8E0290</BeamSectionPointerId><Iyy PropType="double" UCat="MomentofInertia" Unt="mm^2 mm^2">3733.33333333333</Iyy><Iyz PropType="double" UCat="MomentofInertia" Unt="mm^2 mm^2">7.496324301261812e-13</Iyz><Izz PropType="double" UCat="MomentofInertia" Unt="mm^2 mm^2">3733.333333333334</Izz><SourceName PropType="string">RectTube1</SourceName><HollowRectangleBeamSection ObjId="149" Type="HollowRectangleBeamSection" Ver="2"><Height PropType="double" UCat="Length" Unt="mm">   16</Height><Thickness PropType="vector&lt;double>" UCat="Length" Unt="mm">    2,    2,    2,    2</Thickness><Width PropType="double" UCat="Length" Unt="mm">   16</Width></HollowRectangleBeamSection></BeamCrossSection><BeamCrossSection ObjId="150" Type="BeamCrossSection" Ver="2"><Area PropType="double" UCat="Area" Unt="mm^2">14.9218291543432</Area><BeamSectionPointerId PropType="string">000000002E8DF610</BeamSectionPointerId><Iyy PropType="double" UCat="MomentofInertia" Unt="mm^2 mm^2">168.7893427399654</Iyy><Iyz PropType="double" UCat="MomentofInertia" Unt="mm^2 mm^2">1.191495511245816e-14</Iyz><Izz PropType="double" UCat="MomentofInertia" Unt="mm^2 mm^2">168.7893427399653</Izz><SourceName PropType="string">CircularTube1</SourceName><TubeBeamSection ObjId="151" Type="TubeBeamSection" Ver="2"><InnerRadius PropType="double" UCat="Length" Unt="mm">  4.5</InnerRadius><OuterRadius PropType="double" UCat="Length" Unt="mm">    5</OuterRadius></TubeBeamSection></BeamCrossSection></GeometryAttributes><ServiceRep ObjId="144" Type="ServiceRep" Ver="2"><CoordinateSystemRep ObjId="102" Type="CoordinateSystemRep" Ver="3"><Caption PropType="string">Reference Coordinate System</Caption><CoordSystemIndex PropType="unsigned int">0</CoordSystemIndex><IsGlobal PropType="bool">false</IsGlobal><Param1 PropType="double">    1</Param1><Param2 PropType="double">    1</Param2><Singularity1 PropType="int">0</Singularity1><Singularity2 PropType="int">0</Singularity2><SolverCoordNumber PropType="int">17</SolverCoordNumber><Type PropType="string">Cartesian</Type><DSGePoint3d ObjId="168" Type="DSGePoint3d" Ver="3"><Coordinates PropType="vector&lt;double>" UCat="Length" Unt="mm">349.9999999999999,  200,    0</Coordinates></DSGePoint3d><Matrix3X3 ObjId="167" Type="Matrix3X3" Ver="2"><IsOrthogonal PropType="bool">false</IsOrthogonal><Row0 PropType="vector&lt;double>">    1,    0,    0</Row0><Row1 PropType="vector&lt;double>">    0,    1,    0</Row1><Row2 PropType="vector&lt;double>">    0,    0,    1</Row2></Matrix3X3></CoordinateSystemRep><CoordinateSystemRep ObjId="30" Type="CoordinateSystemRep" Ver="3"><Caption PropType="string">Global Coordinate System</Caption><CoordSystemIndex PropType="unsigned int">0</CoordSystemIndex><IsGlobal PropType="bool">true</IsGlobal><Param1 PropType="double">    1</Param1><Param2 PropType="double">    1</Param2><Singularity1 PropType="int">0</Singularity1><Singularity2 PropType="int">0</Singularity2><SolverCoordNumber PropType="int">0</SolverCoordNumber><Type PropType="string">Cartesian</Type><DSGePoint3d ObjId="156" Type="DSGePoint3d" Ver="3"><Coordinates PropType="vector&lt;double>" UCat="Length" Unt="mm">    0,    0,    0</Coordinates></DSGePoint3d><Matrix3X3 ObjId="155" Type="Matrix3X3" Ver="2"><IsOrthogonal PropType="bool">false</IsOrthogonal><Row0 PropType="vector&lt;double>">    1,    0,    0</Row0><Row1 PropType="vector&lt;double>">    0,    1,    0</Row1><Row2 PropType="vector&lt;double>">    0,    0,    1</Row2></Matrix3X3></CoordinateSystemRep><CoordinateSystemRep ObjId="62" Type="CoordinateSystemRep" Ver="3"><Caption PropType="string">Reference Coordinate System</Caption><CoordSystemIndex PropType="unsigned int">0</CoordSystemIndex><IsGlobal PropType="bool">false</IsGlobal><Param1 PropType="double">    1</Param1><Param2 PropType="double">    1</Param2><Singularity1 PropType="int">0</Singularity1><Singularity2 PropType="int">0</Singularity2><SolverCoordNumber PropType="int">12</SolverCoordNumber><Type PropType="string">Cartesian</Type><DSGePoint3d ObjId="158" Type="DSGePoint3d" Ver="3"><Coordinates PropType="vector&lt;double>" UCat="Length" Unt="mm">349.9999999999999,  200, -300</Coordinates></DSGePoint3d><Matrix3X3 ObjId="157" Type="Matrix3X3" Ver="2"><IsOrthogonal PropType="bool">false</IsOrthogonal><Row0 PropType="vector&lt;double>">    1,    0,    0</Row0><Row1 PropType="vector&lt;double>">    0,    1,    0</Row1><Row2 PropType="vector&lt;double>">    0,    0,    1</Row2></Matrix3X3></CoordinateSystemRep><CoordinateSystemRep ObjId="70" Type="CoordinateSystemRep" Ver="3"><Caption PropType="string">Reference Coordinate System</Caption><CoordSystemIndex PropType="unsigned int">0</CoordSystemIndex><IsGlobal PropType="bool">false</IsGlobal><Param1 PropType="double">    1</Param1><Param2 PropType="double">    1</Param2><Singularity1 PropType="int">0</Singularity1><Singularity2 PropType="int">0</Singularity2><SolverCoordNumber PropType="int">13</SolverCoordNumber><Type PropType="string">Cartesian</Type><DSGePoint3d ObjId="160" Type="DSGePoint3d" Ver="3"><Coordinates PropType="vector&lt;double>" UCat="Length" Unt="mm">  200,    0, -300</Coordinates></DSGePoint3d><Matrix3X3 ObjId="159" Type="Matrix3X3" Ver="2"><IsOrthogonal PropType="bool">false</IsOrthogonal><Row0 PropType="vector&lt;double>">    1,    0,    0</Row0><Row1 PropType="vector&lt;double>">    0,    1,    0</Row1><Row2 PropType="vector&lt;double>">    0,    0,    1</Row2></Matrix3X3></CoordinateSystemRep><CoordinateSystemRep ObjId="78" Type="CoordinateSystemRep" Ver="3"><Caption PropType="string">Reference Coordinate System</Caption><CoordSystemIndex PropType="unsigned int">0</CoordSystemIndex><IsGlobal PropType="bool">false</IsGlobal><Param1 PropType="double">    1</Param1><Param2 PropType="double">    1</Param2><Singularity1 PropType="int">0</Singularity1><Singularity2 PropType="int">0</Singularity2><SolverCoordNumber PropType="int">14</SolverCoordNumber><Type PropType="string">Cartesian</Type><DSGePoint3d ObjId="162" Type="DSGePoint3d" Ver="3"><Coordinates PropType="vector&lt;double>" UCat="Length" Unt="mm">   50,  200, -300</Coordinates></DSGePoint3d><Matrix3X3 ObjId="161" Type="Matrix3X3" Ver="2"><IsOrthogonal PropType="bool">false</IsOrthogonal><Row0 PropType="vector&lt;double>">    1,    0,    0</Row0><Row1 PropType="vector&lt;double>">    0,    1,    0</Row1><Row2 PropType="vector&lt;double>">    0,    0,    1</Row2></Matrix3X3></CoordinateSystemRep><CoordinateSystemRep ObjId="86" Type="CoordinateSystemRep" Ver="3"><Caption PropType="string">Reference Coordinate System</Caption><CoordSystemIndex PropType="unsigned int">0</CoordSystemIndex><IsGlobal PropType="bool">false</IsGlobal><Param1 PropType="double">    1</Param1><Param2 PropType="double">    1</Param2><Singularity1 PropType="int">0</Singularity1><Singularity2 PropType="int">0</Singularity2><SolverCoordNumber PropType="int">15</SolverCoordNumber><Type PropType="string">Cartesian</Type><DSGePoint3d ObjId="164" Type="DSGePoint3d" Ver="3"><Coordinates PropType="vector&lt;double>" UCat="Length" Unt="mm">   50,  200,    0</Coordinates></DSGePoint3d><Matrix3X3 ObjId="163" Type="Matrix3X3" Ver="2"><IsOrthogonal PropType="bool">false</IsOrthogonal><Row0 PropType="vector&lt;double>">    1,    0,    0</Row0><Row1 PropType="vector&lt;double>">    0,    1,    0</Row1><Row2 PropType="vector&lt;double>">    0,    0,    1</Row2></Matrix3X3></CoordinateSystemRep><CoordinateSystemRep ObjId="94" Type="CoordinateSystemRep" Ver="3"><Caption PropType="string">Reference Coordinate System</Caption><CoordSystemIndex PropType="unsigned int">0</CoordSystemIndex><IsGlobal PropType="bool">false</IsGlobal><Param1 PropType="double">    1</Param1><Param2 PropType="double">    1</Param2><Singularity1 PropType="int">0</Singularity1><Singularity2 PropType="int">0</Singularity2><SolverCoordNumber PropType="int">16</SolverCoordNumber><Type PropType="string">Cartesian</Type><DSGePoint3d ObjId="166" Type="DSGePoint3d" Ver="3"><Coordinates PropType="vector&lt;double>" UCat="Length" Unt="mm">  200,    0,    0</Coordinates></DSGePoint3d><Matrix3X3 ObjId="165" Type="Matrix3X3" Ver="2"><IsOrthogonal PropType="bool">false</IsOrthogonal><Row0 PropType="vector&lt;double>">    1,    0,    0</Row0><Row1 PropType="vector&lt;double>">    0,    1,    0</Row1><Row2 PropType="vector&lt;double>">    0,    0,    1</Row2></Matrix3X3></CoordinateSystemRep></ServiceRep></EngineeringRep><GeometryRep ObjId="147" Type="GeometryRep" Ver="2"><ActiveAssembly PropType="unsigned int">1</ActiveAssembly><PartsAssembly PropType="string">00000000032FE038</PartsAssembly><Units PropType="string">m</Units></GeometryRep><MaterialLibraryRep ObjId="146" Type="MaterialLibraryRep" Ver="2"><FileName PropType="string">MatML.xml</FileName></MaterialLibraryRep><MeshRep ObjId="145" Type="MeshRep" Ver="2"><AssemblyMesh PropType="string">000000003C42B4A8</AssemblyMesh><Configuration PropType="unsigned int">48</Configuration><IndependentMesh PropType="string">IndependentMesh.bin</IndependentMesh><RigidBodyBehavior PropType="string">DimensionallyReduced</RigidBodyBehavior><Units PropType="string">m</Units></MeshRep><SolverRep ObjId="181" Type="SolverRep" Ver="2"><AnalysisType PropType="string">Buckling</AnalysisType><IsCoupledFieldSystem PropType="bool">false</IsCoupledFieldSystem><PhysicsType PropType="string">Mechanical</PhysicsType><SolverTargetName PropType="string">ANSYS</SolverTargetName><SolverUnits PropType="int">6</SolverUnits><UnknownPointerId PropType="string">0000000002F15AA0</UnknownPointerId><FEConnectorsRep ObjId="45" Type="FEConnectorsRep" Ver="2"><StepSelection PropType="int">0</StepSelection></FEConnectorsRep><FileManagementRep ObjId="183" Type="FileManagementRep" Ver="2"><DeleteUnneededFiles PropType="bool">true</DeleteUnneededFiles><SolverFileDirectory PropType="string"/><SolverFileRelativeDirectory PropType="string"/></FileManagementRep><ProcessControls ObjId="182" Type="ProcessControls" Ver="2"><DistributedSolve PropType="bool">true</DistributedSolve><IsLocal PropType="bool">true</IsLocal><IsRSMSolve PropType="bool">false</IsRSMSolve><ManualMemorySettings PropType="bool">false</ManualMemorySettings><MaxProcessors PropType="int">4</MaxProcessors></ProcessControls><AnalysisSettings CAEType="extObj"><BucklingSettings version="1.0"><BucklingControls version="1.0"><NumberOfModesToFind>2</NumberOfModesToFind><KeepPreStressLoadPattern>true</KeepPreStressLoadPattern></BucklingControls><OutputControls version="1.0"><Stress>false</Stress><Strain>false</Strain><GeneralMisc>false</GeneralMisc><SurfaceStress>false</SurfaceStress><BackStress>false</BackStress><ElementContactData>false</ElementContactData><ElementEulerAngles>false</ElementEulerAngles><ElementEnergies>false</ElementEnergies><ElementEnergies>false</ElementEnergies><ResultSetsType>Auto</ResultSetsType><CacheResultsInMemoryType>Never</CacheResultsInMemoryType><StoreModalResult>ProgramControlled</StoreModalResult><ExpandResultFrom>ProgramControlled</ExpandResultFrom><ProgControlledExpansion>Unknown</ProgControlledExpansion><NodalForcesType>No</NodalForcesType><CalculateParticipationFactorResult>ProgramControlled</CalculateParticipationFactorResult><CombineResultFiles>ProgramControlled</CombineResultFiles><ResultFileCompression>ProgramControlled</ResultFileCompression><TimePointsOptions>All</TimePointsOptions><ResultSets></ResultSets></OutputControls><SolverFileControls version="1.0"><SolverEngineType>ANSYS</SolverEngineType><SolverUnits>6</SolverUnits><SolverFilesDirectory>D:\Felipe Coquito\OneDrive\Documents\Estudo\FEI\FEI - 7 Sem\MEP240 - MECANICA SOLIDOS COMPUTACIONAL\Portico_files\dp0\SYS-2\MECH\</SolverFilesDirectory><SolverJobname>file</SolverJobname><ScratchSolverFilesDirectory>D:\Felipe Coquito\OneDrive\Documents\Estudo\FEI\FEI - 7 Sem\MEP240 - MECANICA SOLIDOS COMPUTACIONAL\_ProjectScratch\ScrA2D3\</ScratchSolverFilesDirectory><AdditionalList></AdditionalList><SaveANSYSDB>false</SaveANSYSDB><ContactSummary>kAnalysisSettingsContactSummaryProgramControlled</ContactSummary><DeleteUnusedFiles>true</DeleteUnusedFiles><ResultFile></ResultFile></SolverFileControls><SolverControls version="1.0"><SolverType><ProgramControlled/></SolverType><WeakSprings><Off/></WeakSprings><IncludeNegativeLoadMultiplier><ProgramControlled/></IncludeNegativeLoadMultiplier></SolverControls></BucklingSettings></AnalysisSettings></SolverRep></CAERep>