<?xml version="1.0" encoding="UTF-8" standalone="no" ?><CAERep ObjId="41" Type="CAERep" Ver="2"><DSEnvironmentID PropType="int">24</DSEnvironmentID><ExternalProductVersion PropType="string">2022 R2</ExternalProductVersion><Goal PropType="string">RunSolver</Goal><HasBetaKeyOn PropType="bool">false</HasBetaKeyOn><InProcess PropType="bool">true</InProcess><LastDatabaseId PropType="unsigned int">67</LastDatabaseId><NumProcessorsForPost PropType="int">0</NumProcessorsForPost><PID_Legacy_Solve PropType="int">0</PID_Legacy_Solve><PartialCode PropType="int">1</PartialCode><ProductVersion PropType="string">22.2 RELEASE</ProductVersion><ProductVersionForSec PropType="string">22.2</ProductVersionForSec><ProjectName PropType="string">Pist_o--Steady-State Thermal (A5)</ProjectName><ReturnCode PropType="int">1</ReturnCode><SolveInvokedFromAddin PropType="int">0</SolveInvokedFromAddin><SysvarMap PropType="map&lt;string,string>"><Entry key="DSSolver ProgId">AMKSolver.AMKSolver.222</Entry></SysvarMap><EngineeringRep ObjId="42" Type="EngineeringRep" Ver="2"><BCRep ObjId="45" Type="BCRep" Ver="2"><StepEndTimes PropType="vector&lt;double>" UCat="Time" Unt="s">    1</StepEndTimes><InitialConditionsRep ObjId="27" Type="CAERepBase" Ver="2"><InitialTemperature PropType="double" UCat="Temperature" Unt="degree C">   22</InitialTemperature></InitialConditionsRep><HeatFlow ObjId="35" Type="HeatFlow" Ver="2"><Caption PropType="string">Heat Flow</Caption><Scoping PropType="vector&lt;string>">36</Scoping><LoadStep ObjId="63" Type="LoadStep" Ver="2"><ActiveBitmask PropType="vector&lt;int>">63</ActiveBitmask><IsActive PropType="vector&lt;bool>">true</IsActive><Number PropType="vector&lt;int>"/></LoadStep><Magnitude ObjId="64" Type="Table" Ver="2"><StepNumber PropType="vector&lt;int>">1,1</StepNumber><Time PropType="vector&lt;double>" UCat="Time" Unt="s">    0,    1</Time><Values PropType="vector&lt;double>" UCat="HeatRate" Unt="tonne mm^2 s^-3">-50000,-50000</Values></Magnitude></HeatFlow><FullTemperature ObjId="33" Type="Temperature" Ver="2"><Caption PropType="string">Temperature</Caption><Scoping PropType="vector&lt;string>">34</Scoping><LoadStep ObjId="61" Type="LoadStep" Ver="2"><ActiveBitmask PropType="vector&lt;int>">63</ActiveBitmask><IsActive PropType="vector&lt;bool>">true</IsActive><Number PropType="vector&lt;int>"/></LoadStep><Magnitude ObjId="62" Type="Table" Ver="2"><StepNumber PropType="vector&lt;int>">1,1</StepNumber><Time PropType="vector&lt;double>" UCat="Time" Unt="s">    0,    1</Time><Values PropType="vector&lt;double>" UCat="Temperature" Unt="degree C">  100,  100</Values></Magnitude></FullTemperature></BCRep><GeometryAttributes ObjId="43" Type="GeometryAttributes" Ver="2"><AssemblyAttributes ObjId="44" Type="AssemblyAttributes" Ver="2"><ElementOptionControl PropType="string">ProgramControlled</ElementOptionControl><GeometrySource PropType="string">D:\Felipe Coquito\OneDrive\Documents\Estudo\FEI\FEI - 7 Sem\MEP240 - MECANICA SOLIDOS COMPUTACIONAL\Pistão\Pistão_files\dp0\SYS\DM\SYS.agdb</GeometrySource><Is2DAnalysis PropType="bool">false</Is2DAnalysis><IsMixedDimension PropType="bool">false</IsMixedDimension><PartAttributes ObjId="19" Type="PartAttributes" Ver="2"><Caption PropType="string">Solid Bodies</Caption><Mass PropType="double" UCat="Mass" Unt="tonne">0.0005488516571681294</Mass><PartId PropType="unsigned int">3</PartId><BodyAttributes ObjId="20" Type="BodyAttributes" Ver="2"><AreNonLinearEffectsOn PropType="bool">true</AreNonLinearEffectsOn><BoundingBoxDiagonal PropType="double" UCat="Length" Unt="mm">161.5915060389518</BoundingBoxDiagonal><Caption PropType="string">Solid</Caption><ElementCoordSysId PropType="unsigned int">23</ElementCoordSysId><FieldCoordinateSystemId PropType="unsigned int">23</FieldCoordinateSystemId><GeometryType PropType="string">Solid</GeometryType><Mass PropType="double" UCat="Mass" Unt="tonne">0.0005488516571681294</Mass><MaterialAssignments PropType="vector&lt;int>">30</MaterialAssignments><ProtoReferenceId PropType="unsigned int">79</ProtoReferenceId><StiffnessBehavior PropType="string">Deformable</StiffnessBehavior><ThermalStrainCalculation PropType="bool">true</ThermalStrainCalculation><Centroid ObjId="52" Type="DSGePoint3d" Ver="3"><Coordinates PropType="vector&lt;double>" UCat="Length" Unt="mm">2.482644625795726e-06,3.34541264370873e-07,18.03303520227518</Coordinates></Centroid><MassMomentOfInertia ObjId="51" Type="MassMomentOfInertia" Ver="2"><Ixx PropType="double" UCat="MomentInertiaMass" Unt="tonne mm^2">0.5595743331489201</Ixx><Iyy PropType="double" UCat="MomentInertiaMass" Unt="tonne mm^2">0.5550202382709882</Iyy><Izz PropType="double" UCat="MomentInertiaMass" Unt="tonne mm^2">0.8265753921659547</Izz></MassMomentOfInertia><MaterialRep ObjId="50" Type="MaterialRep" Ver="2"><MaterialName PropType="string">Aluminum Alloy</MaterialName><ReferenceTemperature PropType="double" UCat="Temperature" Unt="Celsius">   22</ReferenceTemperature><RelaxationTemperature PropType="double" UCat="Temperature" Unt="Celsius">    0</RelaxationTemperature><UnitSystem PropType="int">0</UnitSystem><UseReferenceTemperature PropType="bool">false</UseReferenceTemperature><UseRelaxationTemperature PropType="bool">false</UseRelaxationTemperature></MaterialRep></BodyAttributes><Centroid ObjId="53" Type="DSGePoint3d" Ver="3"><Coordinates PropType="vector&lt;double>" UCat="Length" Unt="mm">2.482644625795726e-06,3.34541264370873e-07,18.03303520227518</Coordinates></Centroid><MassMomentOfInertia ObjId="54" Type="MassMomentOfInertia" Ver="2"><Ixx PropType="double" UCat="MomentInertiaMass" Unt="tonne mm^2">0.5595743331489201</Ixx><Iyy PropType="double" UCat="MomentInertiaMass" Unt="tonne mm^2">0.5550202382709882</Iyy><Izz PropType="double" UCat="MomentInertiaMass" Unt="tonne mm^2">0.8265753921659547</Izz><CoordinateSystemRep ObjId="55" Type="CoordinateSystemRep" Ver="3"><Caption PropType="string">Undefined</Caption><CoordSystemIndex PropType="unsigned int">0</CoordSystemIndex><IsGlobal PropType="bool">false</IsGlobal><Param1 PropType="double">    1</Param1><Param2 PropType="double">    1</Param2><Singularity1 PropType="int">0</Singularity1><Singularity2 PropType="int">0</Singularity2><SolverCoordNumber PropType="unsigned int">0</SolverCoordNumber><Type PropType="string">Cartesian</Type><DSGePoint3d ObjId="57" Type="DSGePoint3d" Ver="3"><Coordinates PropType="vector&lt;double>" UCat="Length" Unt="mm">2.482644625795726e-06,3.34541264370873e-07,18.03303520227518</Coordinates></DSGePoint3d><Matrix3X3 ObjId="56" Type="Matrix3X3" Ver="2"><IsOrthogonal PropType="bool">false</IsOrthogonal><Row0 PropType="vector&lt;double>">0.9952874234354099,0.09696878235440928,7.985361442684297e-08</Row0><Row1 PropType="vector&lt;double>">-0.09696878235440655,0.9952874234354128,-3.736752112934082e-08</Row1><Row2 PropType="vector&lt;double>">-8.310078117841227e-08,2.944811606742062e-08,0.9999999999999961</Row2></Matrix3X3></CoordinateSystemRep></MassMomentOfInertia></PartAttributes></AssemblyAttributes><MaterialAssignmentRep ObjId="30" Type="MaterialAssignmentRep" Ver="1"><AreNonLinearEffectsOn PropType="bool">true</AreNonLinearEffectsOn><BodyRefIds PropType="vector&lt;int>">79</BodyRefIds><Caption PropType="string">Aluminum Alloy Assignment</Caption><ObjectId PropType="unsigned int">30</ObjectId><ThermalStrainCalculation PropType="bool">true</ThermalStrainCalculation><MaterialRep ObjId="58" Type="MaterialRep" Ver="2"><MaterialName PropType="string">Aluminum Alloy</MaterialName><ReferenceTemperature PropType="double" UCat="Temperature" Unt="Celsius">   22</ReferenceTemperature><RelaxationTemperature PropType="double" UCat="Temperature" Unt="Celsius">    0</RelaxationTemperature><UnitSystem PropType="int">0</UnitSystem><UseReferenceTemperature PropType="bool">false</UseReferenceTemperature><UseRelaxationTemperature PropType="bool">false</UseRelaxationTemperature></MaterialRep></MaterialAssignmentRep></GeometryAttributes><ServiceRep ObjId="46" Type="ServiceRep" Ver="2"><CoordinateSystemRep ObjId="23" Type="CoordinateSystemRep" Ver="3"><Caption PropType="string">Global Coordinate System</Caption><CoordSystemIndex PropType="unsigned int">0</CoordSystemIndex><IsGlobal PropType="bool">true</IsGlobal><Param1 PropType="double">    1</Param1><Param2 PropType="double">    1</Param2><Singularity1 PropType="int">0</Singularity1><Singularity2 PropType="int">0</Singularity2><SolverCoordNumber PropType="int">0</SolverCoordNumber><Type PropType="string">Cartesian</Type><DSGePoint3d ObjId="60" Type="DSGePoint3d" Ver="3"><Coordinates PropType="vector&lt;double>" UCat="Length" Unt="mm">    0,    0,    0</Coordinates></DSGePoint3d><Matrix3X3 ObjId="59" Type="Matrix3X3" Ver="2"><IsOrthogonal PropType="bool">false</IsOrthogonal><Row0 PropType="vector&lt;double>">    1,    0,    0</Row0><Row1 PropType="vector&lt;double>">    0,    1,    0</Row1><Row2 PropType="vector&lt;double>">    0,    0,    1</Row2></Matrix3X3></CoordinateSystemRep></ServiceRep></EngineeringRep><GeometryRep ObjId="49" Type="GeometryRep" Ver="2"><ActiveAssembly PropType="unsigned int">1</ActiveAssembly><PartsAssembly PropType="string">0000000002D6F468</PartsAssembly><Units PropType="string">m</Units></GeometryRep><MaterialLibraryRep ObjId="48" Type="MaterialLibraryRep" Ver="2"><FileName PropType="string">MatML.xml</FileName></MaterialLibraryRep><MeshRep ObjId="47" Type="MeshRep" Ver="2"><AssemblyMesh PropType="string">000000003B2C3788</AssemblyMesh><Configuration PropType="unsigned int">32</Configuration><IndependentMesh PropType="string">IndependentMesh.bin</IndependentMesh><RigidBodyBehavior PropType="string">DimensionallyReduced</RigidBodyBehavior><Units PropType="string">m</Units></MeshRep><SolverRep ObjId="65" Type="SolverRep" Ver="2"><AnalysisType PropType="string">Static</AnalysisType><IsCoupledFieldSystem PropType="bool">false</IsCoupledFieldSystem><PhysicsType PropType="string">Thermal</PhysicsType><SolverTargetName PropType="string">ANSYS</SolverTargetName><SolverUnits PropType="int">6</SolverUnits><UnknownPointerId PropType="string">0000000002AECF90</UnknownPointerId><FEConnectorsRep ObjId="26" Type="FEConnectorsRep" Ver="2"><StepSelection PropType="int">0</StepSelection></FEConnectorsRep><FileManagementRep ObjId="67" Type="FileManagementRep" Ver="2"><DeleteUnneededFiles PropType="bool">true</DeleteUnneededFiles><SolverFileDirectory PropType="string"/><SolverFileRelativeDirectory PropType="string"/></FileManagementRep><ProcessControls ObjId="66" Type="ProcessControls" Ver="2"><DistributedSolve PropType="bool">true</DistributedSolve><IsLocal PropType="bool">true</IsLocal><IsRSMSolve PropType="bool">false</IsRSMSolve><ManualMemorySettings PropType="bool">false</ManualMemorySettings><MaxProcessors PropType="int">4</MaxProcessors></ProcessControls><AnalysisSettings CAEType="extObj"><StaticThermalSettings version="1.0"><StepControls version="1.0"><EndTime>1.</EndTime><TimeStepOptions version="1.0"><AutoTimeSteppingType>ProgramControlled</AutoTimeSteppingType></TimeStepOptions><NonlinearControls version="1.0"><Heat><ProgramControlled/></Heat><Temperature><ProgramControlled/></Temperature><LineSearch>ProgramControlled</LineSearch></NonlinearControls><OutputControls version="1.0"><Contact>false</Contact><ThermalFlux>true</ThermalFlux><TimePointsOptions>All</TimePointsOptions><MaxNumberofResultSets>1000</MaxNumberofResultSets><GeneralMisc>false</GeneralMisc><HeatGenerationRate>false</HeatGenerationRate><ElementContactData>true</ElementContactData><ElementEulerAngles>true</ElementEulerAngles><ElementEnergies>true</ElementEnergies><ElementEnergies>true</ElementEnergies><ResultSetsType>Auto</ResultSetsType><CacheResultsInMemoryType>Never</CacheResultsInMemoryType><StoreModalResult>ProgramControlled</StoreModalResult><ExpandResultFrom>ProgramControlled</ExpandResultFrom><ProgControlledExpansion>Unknown</ProgControlledExpansion><NodalForcesType>No</NodalForcesType><CalculateParticipationFactorResult>ProgramControlled</CalculateParticipationFactorResult><CombineResultFiles>ProgramControlled</CombineResultFiles><ResultFileCompression>ProgramControlled</ResultFileCompression><TimePointsOptions>All</TimePointsOptions><ResultSets></ResultSets></OutputControls><CreepControls version="1.0"><CreepActivation/><CreepLimitRatio>1.</CreepLimitRatio></CreepControls><NonlinearAdaptivityControls version="3.0"><NLADHasMesh>0.</NLADHasMesh><NLADRefinementAlgorithm>0.</NLADRefinementAlgorithm><NLADRemeshingGradient>3.</NLADRemeshingGradient><NLADNumSculptedLayers>2.</NLADNumSculptedLayers><NLADNumSculptedLayersVal2>2.</NLADNumSculptedLayersVal2><NLADBoundaryAngle>15.</NLADBoundaryAngle><NLADRemeshingTolerance>5.e-002</NLADRemeshingTolerance><NLADRemeshingToleranceVal2>0.5</NLADRemeshingToleranceVal2><NLADGlobalSizeRatio>1.</NLADGlobalSizeRatio><NLADGlobalSizeRatioVal2>0.75</NLADGlobalSizeRatioVal2><NLADEdgeSplitAngle>10.</NLADEdgeSplitAngle><NLADLocalSizeRatio>1.</NLADLocalSizeRatio><NLADAggressiveRemeshing>0.</NLADAggressiveRemeshing><NLADProjectToGeometry>0.</NLADProjectToGeometry></NonlinearAdaptivityControls><LoadCaseIdentifier></LoadCaseIdentifier></StepControls><SolverControls version="1.0"><SolverType><ProgramControlled/></SolverType><SolverPivotChecking>ProgramControlled</SolverPivotChecking><ContactSplit><Off/></ContactSplit><EnablesCatCoupling>false</EnablesCatCoupling></SolverControls><SolverFileControls version="1.0"><SolverEngineType>ANSYS</SolverEngineType><SolverUnits>6</SolverUnits><SolverFilesDirectory>D:\Felipe Coquito\OneDrive\Documents\Estudo\FEI\FEI - 7 Sem\MEP240 - MECANICA SOLIDOS COMPUTACIONAL\Pistão\Pistão_files\dp0\SYS\MECH\</SolverFilesDirectory><SolverJobname>file</SolverJobname><ScratchSolverFilesDirectory>D:\Felipe Coquito\OneDrive\Documents\Estudo\FEI\FEI - 7 Sem\MEP240 - MECANICA SOLIDOS COMPUTACIONAL\Pistão\_ProjectScratch\ScrC590\</ScratchSolverFilesDirectory><AdditionalList></AdditionalList><SaveANSYSDB>false</SaveANSYSDB><ContactSummary>kAnalysisSettingsContactSummaryProgramControlled</ContactSummary><DeleteUnusedFiles>true</DeleteUnusedFiles><ResultFile></ResultFile></SolverFileControls><RadiosityControls version="1.0"><Activation><Value>0</Value></Activation><FluxConvergence><Value>1.e-004</Value></FluxConvergence><MaxIteration><Value>1000</Value></MaxIteration><RadiosityTolerance><Value>0.1</Value></RadiosityTolerance><RadiosityRelaxation><Value>0.1</Value></RadiosityRelaxation><HemicubeResolution><Value>10</Value></HemicubeResolution><NumDivisions><Value>20</Value></NumDivisions><ViewHidden><Value>0</Value></ViewHidden><NumberZones><Value>200</Value></NumberZones></RadiosityControls><FractureControls version="1.0"><FractureSolverControls><HasSMARTCrackGrowth>false</HasSMARTCrackGrowth></FractureSolverControls></FractureControls></StaticThermalSettings></AnalysisSettings></SolverRep></CAERep>