<?xml version="1.0" encoding="UTF-8"?>
<EngineeringData version="22.2.0.210" versiondate="16/05/2022 15:25:00">
  <Notes>
  </Notes>
  <Materials>
    <MatML_Doc>
      <Material>
        <BulkDetails>
          <Name>Aluminum Alloy</Name>
          <Description>General aluminum alloy.  Fatigue properties come from MIL-HDBK-5H, page 3-277. </Description>
          <Class>
            <Name>Alloy</Name>
          </Class>
          <PropertyData property="pr0">
            <Data format="string">-</Data>
            <Qualifier name="Localized Name">Color</Qualifier>
            <ParameterValue parameter="pa0" format="float">
              <Data>138</Data>
              <Qualifier name="Variable Type">Dependent</Qualifier>
              <Qualifier name="Localized Name">Red</Qualifier>
            </ParameterValue>
            <ParameterValue parameter="pa1" format="float">
              <Data>104</Data>
              <Qualifier name="Variable Type">Dependent</Qualifier>
              <Qualifier name="Localized Name">Green</Qualifier>
            </ParameterValue>
            <ParameterValue parameter="pa2" format="float">
              <Data>46</Data>
              <Qualifier name="Variable Type">Dependent</Qualifier>
              <Qualifier name="Localized Name">Blue</Qualifier>
            </ParameterValue>
            <ParameterValue parameter="pa3" format="string">
              <Data>Appearance</Data>
            </ParameterValue>
          </PropertyData>
          <PropertyData property="pr1">
            <Data format="string">-</Data>
            <Qualifier name="Localized Name">Compressive Ultimate Strength</Qualifier>
            <ParameterValue parameter="pa4" format="float">
              <Data>0</Data>
              <Qualifier name="Variable Type">Dependent</Qualifier>
              <Qualifier name="Localized Name">Compressive Ultimate Strength</Qualifier>
            </ParameterValue>
          </PropertyData>
          <PropertyData property="pr2">
            <Data format="string">-</Data>
            <Qualifier name="Localized Name">Compressive Yield Strength</Qualifier>
            <ParameterValue parameter="pa5" format="float">
              <Data>280000000</Data>
              <Qualifier name="Variable Type">Dependent</Qualifier>
              <Qualifier name="Localized Name">Compressive Yield Strength</Qualifier>
            </ParameterValue>
          </PropertyData>
          <PropertyData property="pr3">
            <Data format="string">-</Data>
            <Qualifier name="Field Variable Compatible">Temperature</Qualifier>
            <Qualifier name="Localized Name">Density</Qualifier>
            <ParameterValue parameter="pa6" format="string">
              <Data>Interpolation Options</Data>
              <Qualifier name="AlgorithmType">Linear Multivariate (Qhull)</Qualifier>
              <Qualifier name="Normalized">True</Qualifier>
              <Qualifier name="Cached">True</Qualifier>
              <Qualifier name="ExtrapolationType">Projection to the Bounding Box</Qualifier>
              <Qualifier name="Localized Name">Interpolation Options</Qualifier>
            </ParameterValue>
            <ParameterValue parameter="pa7" format="float">
              <Data>2770</Data>
              <Qualifier name="Variable Type">Dependent</Qualifier>
              <Qualifier name="Localized Name">Density</Qualifier>
            </ParameterValue>
            <ParameterValue parameter="pa8" format="float">
              <Data>7.88860905221012e-31</Data>
              <Qualifier name="Variable Type">Independent</Qualifier>
              <Qualifier name="Localized Name">Temperature</Qualifier>
              <Qualifier name="Field Variable">Temperature</Qualifier>
              <Qualifier name="Default Data">22</Qualifier>
              <Qualifier name="Upper Limit">200</Qualifier>
              <Qualifier name="Lower Limit">-100</Qualifier>
              <Qualifier name="Field Units">C</Qualifier>
            </ParameterValue>
          </PropertyData>
          <PropertyData property="pr4">
            <Data format="string">-</Data>
            <Qualifier name="Localized Name">Tensile Yield Strength</Qualifier>
            <ParameterValue parameter="pa9" format="float">
              <Data>280000000</Data>
              <Qualifier name="Variable Type">Dependent</Qualifier>
              <Qualifier name="Localized Name">Tensile Yield Strength</Qualifier>
            </ParameterValue>
          </PropertyData>
          <PropertyData property="pr5">
            <Data format="string">-</Data>
            <Qualifier name="Localized Name">Tensile Ultimate Strength</Qualifier>
            <ParameterValue parameter="pa10" format="float">
              <Data>310000000</Data>
              <Qualifier name="Variable Type">Dependent</Qualifier>
              <Qualifier name="Localized Name">Tensile Ultimate Strength</Qualifier>
            </ParameterValue>
          </PropertyData>
          <PropertyData property="pr6">
            <Data format="string">-</Data>
            <Qualifier name="Definition">Secant</Qualifier>
            <Qualifier name="Behavior">Isotropic</Qualifier>
            <Qualifier name="Field Variable Compatible">Temperature</Qualifier>
            <Qualifier name="Localized Name">Isotropic Secant Coefficient of Thermal Expansion</Qualifier>
            <ParameterValue parameter="pa6" format="string">
              <Data>Interpolation Options</Data>
              <Qualifier name="AlgorithmType">Linear Multivariate (Qhull)</Qualifier>
              <Qualifier name="Normalized">True</Qualifier>
              <Qualifier name="Cached">True</Qualifier>
              <Qualifier name="ExtrapolationType">Projection to the Bounding Box</Qualifier>
              <Qualifier name="Localized Name">Interpolation Options</Qualifier>
            </ParameterValue>
            <ParameterValue parameter="pa11" format="float">
              <Data>2.3e-05</Data>
              <Qualifier name="Variable Type">Dependent</Qualifier>
              <Qualifier name="Localized Name">Coefficient of Thermal Expansion</Qualifier>
            </ParameterValue>
            <ParameterValue parameter="pa8" format="float">
              <Data>7.88860905221012e-31</Data>
              <Qualifier name="Variable Type">Independent</Qualifier>
              <Qualifier name="Localized Name">Temperature</Qualifier>
              <Qualifier name="Field Variable">Temperature</Qualifier>
              <Qualifier name="Default Data">22</Qualifier>
              <Qualifier name="Upper Limit">200</Qualifier>
              <Qualifier name="Lower Limit">-100</Qualifier>
              <Qualifier name="Field Units">C</Qualifier>
            </ParameterValue>
          </PropertyData>
          <PropertyData property="pr7">
            <Data format="string">-</Data>
            <Qualifier name="Definition">Secant</Qualifier>
            <Qualifier name="Behavior">Isotropic</Qualifier>
            <Qualifier name="Localized Name">Isotropic Zero-Thermal-Strain Reference Temperature Secant</Qualifier>
            <ParameterValue parameter="pa12" format="float">
              <Data>22</Data>
              <Qualifier name="Variable Type">Dependent</Qualifier>
              <Qualifier name="Localized Name">Zero-Thermal-Strain Reference Temperature</Qualifier>
            </ParameterValue>
            <ParameterValue parameter="pa3" format="string">
              <Data>Coefficient of Thermal Expansion</Data>
            </ParameterValue>
          </PropertyData>
          <PropertyData property="pr8">
            <Data format="string">-</Data>
            <Qualifier name="Definition">Constant Pressure</Qualifier>
            <Qualifier name="Field Variable Compatible">Temperature</Qualifier>
            <Qualifier name="Symbol">Cᵨ</Qualifier>
            <Qualifier name="Localized Name">Specific Heat Constant Pressure</Qualifier>
            <ParameterValue parameter="pa6" format="string">
              <Data>Interpolation Options</Data>
              <Qualifier name="AlgorithmType">Linear Multivariate (Qhull)</Qualifier>
              <Qualifier name="Normalized">True</Qualifier>
              <Qualifier name="Cached">True</Qualifier>
              <Qualifier name="ExtrapolationType">Projection to the Bounding Box</Qualifier>
              <Qualifier name="Localized Name">Interpolation Options</Qualifier>
            </ParameterValue>
            <ParameterValue parameter="pa13" format="float">
              <Data>875</Data>
              <Qualifier name="Variable Type">Dependent</Qualifier>
              <Qualifier name="Localized Name">Specific Heat</Qualifier>
            </ParameterValue>
            <ParameterValue parameter="pa8" format="float">
              <Data>7.88860905221012e-31</Data>
              <Qualifier name="Variable Type">Independent</Qualifier>
              <Qualifier name="Localized Name">Temperature</Qualifier>
              <Qualifier name="Field Variable">Temperature</Qualifier>
              <Qualifier name="Default Data">22</Qualifier>
              <Qualifier name="Upper Limit">200</Qualifier>
              <Qualifier name="Lower Limit">-100</Qualifier>
              <Qualifier name="Field Units">C</Qualifier>
            </ParameterValue>
          </PropertyData>
          <PropertyData property="pr9">
            <Data format="string">-</Data>
            <Qualifier name="Behavior">Isotropic</Qualifier>
            <Qualifier name="Field Variable Compatible">Temperature</Qualifier>
            <Qualifier name="Localized Name">Isotropic Thermal Conductivity</Qualifier>
            <ParameterValue parameter="pa6" format="string">
              <Data>Interpolation Options</Data>
              <Qualifier name="AlgorithmType">Linear Multivariate (Qhull)</Qualifier>
              <Qualifier name="Normalized">True</Qualifier>
              <Qualifier name="Cached">True</Qualifier>
              <Qualifier name="ExtrapolationType">Projection to the Bounding Box</Qualifier>
              <Qualifier name="Localized Name">Interpolation Options</Qualifier>
            </ParameterValue>
            <ParameterValue parameter="pa14" format="float">
              <Data>114,144,165,175</Data>
              <Qualifier name="Variable Type">Dependent,Dependent,Dependent,Dependent</Qualifier>
              <Qualifier name="Localized Name">Thermal Conductivity</Qualifier>
            </ParameterValue>
            <ParameterValue parameter="pa8" format="float">
              <Data>-100,0,100,200</Data>
              <Qualifier name="Variable Type">Independent,Independent,Independent,Independent</Qualifier>
              <Qualifier name="Localized Name">Temperature</Qualifier>
              <Qualifier name="Field Variable">Temperature</Qualifier>
              <Qualifier name="Default Data">22</Qualifier>
              <Qualifier name="Upper Limit">200</Qualifier>
              <Qualifier name="Lower Limit">-100</Qualifier>
              <Qualifier name="Field Units">C</Qualifier>
            </ParameterValue>
          </PropertyData>
          <PropertyData property="pr10">
            <Data format="string">-</Data>
            <Qualifier name="Interpolation">Semi-Log</Qualifier>
            <Qualifier name="Field Variable Compatible">Mean Stress</Qualifier>
            <Qualifier name="Localized Name">S-N Curve</Qualifier>
            <ParameterValue parameter="pa15" format="float">
              <Data>275800000,241300000,206800000,172400000,137900000,117200000,89630000,82740000,170600000,139600000,108600000,87910000,77570000,72390000,144800000,120700000,103400000,93080000,86180000,72390000,74120000,70670000,66360000,62050000</Data>
              <Qualifier name="Variable Type">Dependent,Dependent,Dependent,Dependent,Dependent,Dependent,Dependent,Dependent,Dependent,Dependent,Dependent,Dependent,Dependent,Dependent,Dependent,Dependent,Dependent,Dependent,Dependent,Dependent,Dependent,Dependent,Dependent,Dependent</Qualifier>
              <Qualifier name="Localized Name">Alternating Stress</Qualifier>
            </ParameterValue>
            <ParameterValue parameter="pa16" format="float">
              <Data>1700,5000,34000,140000,800000,2400000,55000000,100000000,50000,350000,3700000,14000000,50000000,100000000,50000,190000,1300000,4400000,12000000,100000000,300000,1500000,12000000,100000000</Data>
              <Qualifier name="Variable Type">Independent,Independent,Independent,Independent,Independent,Independent,Independent,Independent,Independent,Independent,Independent,Independent,Independent,Independent,Independent,Independent,Independent,Independent,Independent,Independent,Independent,Independent,Independent,Independent</Qualifier>
              <Qualifier name="Localized Name">Cycles</Qualifier>
            </ParameterValue>
            <ParameterValue parameter="pa17" format="float">
              <Data>-1,-1,-1,-1,-1,-1,-1,-1,-0.5,-0.5,-0.5,-0.5,-0.5,-0.5,0,0,0,0,0,0,0.5,0.5,0.5,0.5</Data>
              <Qualifier name="Variable Type">Independent,Independent,Independent,Independent,Independent,Independent,Independent,Independent,Independent,Independent,Independent,Independent,Independent,Independent,Independent,Independent,Independent,Independent,Independent,Independent,Independent,Independent,Independent,Independent</Qualifier>
              <Qualifier name="Localized Name">R-Ratio</Qualifier>
              <Qualifier name="Field Variable">R-Ratio</Qualifier>
              <Qualifier name="Default Data">-1</Qualifier>
              <Qualifier name="Upper Limit">0.5</Qualifier>
              <Qualifier name="Lower Limit">-1</Qualifier>
              <Qualifier name="Field Units">
              </Qualifier>
            </ParameterValue>
          </PropertyData>
          <PropertyData property="pr11">
            <Data format="string">-</Data>
            <Qualifier name="Behavior">Isotropic</Qualifier>
            <Qualifier name="Localized Name">Isotropic Resistivity</Qualifier>
            <ParameterValue parameter="pa18" format="float">
              <Data>2.43e-08,2.67e-08,3.63e-08</Data>
              <Qualifier name="Variable Type">Dependent,Dependent,Dependent</Qualifier>
              <Qualifier name="Localized Name">Resistivity</Qualifier>
            </ParameterValue>
            <ParameterValue parameter="pa8" format="float">
              <Data>0,20,100</Data>
              <Qualifier name="Variable Type">Independent,Independent,Independent</Qualifier>
              <Qualifier name="Localized Name">Temperature</Qualifier>
            </ParameterValue>
          </PropertyData>
          <PropertyData property="pr12">
            <Data format="string">-</Data>
            <Qualifier name="Behavior">Isotropic</Qualifier>
            <Qualifier name="Derive from">Young's Modulus and Poisson's Ratio</Qualifier>
            <Qualifier name="Field Variable Compatible">Temperature</Qualifier>
            <Qualifier name="Localized Name">Isotropic Elasticity</Qualifier>
            <ParameterValue parameter="pa6" format="string">
              <Data>Interpolation Options</Data>
              <Qualifier name="AlgorithmType">Linear Multivariate (Qhull)</Qualifier>
              <Qualifier name="Normalized">True</Qualifier>
              <Qualifier name="Cached">True</Qualifier>
              <Qualifier name="ExtrapolationType">Projection to the Bounding Box</Qualifier>
              <Qualifier name="Localized Name">Interpolation Options</Qualifier>
            </ParameterValue>
            <ParameterValue parameter="pa19" format="float">
              <Data>71000000000</Data>
              <Qualifier name="Variable Type">Dependent</Qualifier>
              <Qualifier name="Localized Name">Young's Modulus</Qualifier>
            </ParameterValue>
            <ParameterValue parameter="pa20" format="float">
              <Data>0.33</Data>
              <Qualifier name="Variable Type">Dependent</Qualifier>
              <Qualifier name="Localized Name">Poisson's Ratio</Qualifier>
            </ParameterValue>
            <ParameterValue parameter="pa21" format="float">
              <Data>69607843137.2549</Data>
              <Qualifier name="Variable Type">Dependent</Qualifier>
              <Qualifier name="Localized Name">Bulk Modulus</Qualifier>
            </ParameterValue>
            <ParameterValue parameter="pa22" format="float">
              <Data>26691729323.3083</Data>
              <Qualifier name="Variable Type">Dependent</Qualifier>
              <Qualifier name="Localized Name">Shear Modulus</Qualifier>
            </ParameterValue>
            <ParameterValue parameter="pa8" format="float">
              <Data>7.88860905221012e-31</Data>
              <Qualifier name="Variable Type">Independent</Qualifier>
              <Qualifier name="Localized Name">Temperature</Qualifier>
              <Qualifier name="Field Variable">Temperature</Qualifier>
              <Qualifier name="Default Data">22</Qualifier>
              <Qualifier name="Upper Limit">200</Qualifier>
              <Qualifier name="Lower Limit">-100</Qualifier>
              <Qualifier name="Field Units">C</Qualifier>
            </ParameterValue>
          </PropertyData>
          <PropertyData property="pr13">
            <Data format="string">-</Data>
            <Qualifier name="Behavior">Isotropic</Qualifier>
            <Qualifier name="Localized Name">Isotropic Relative Permeability</Qualifier>
            <ParameterValue parameter="pa23" format="float">
              <Data>1</Data>
              <Qualifier name="Variable Type">Dependent</Qualifier>
              <Qualifier name="Localized Name">Relative Permeability</Qualifier>
            </ParameterValue>
          </PropertyData>
          <PropertyData property="pr14">
            <Data format="string">-</Data>
            <Qualifier name="guid">35d48138-be0c-4a97-839b-6fba81b9f834</Qualifier>
            <Qualifier name="Localized Name">Material Unique Id</Qualifier>
            <Qualifier name="Display">False</Qualifier>
          </PropertyData>
          <PropertyData property="pr15">
            <Data format="string">-</Data>
            <Qualifier name="Temperature">Temperature:TEMP</Qualifier>
            <Qualifier name="R-Ratio">R-Ratio:</Qualifier>
            <Qualifier name="Localized Name">Field Variable</Qualifier>
          </PropertyData>
        </BulkDetails>
      </Material>
      <Metadata>
        <ParameterDetails id="pa0">
          <Name>Red</Name>
          <Unitless />
        </ParameterDetails>
        <ParameterDetails id="pa1">
          <Name>Green</Name>
          <Unitless />
        </ParameterDetails>
        <ParameterDetails id="pa2">
          <Name>Blue</Name>
          <Unitless />
        </ParameterDetails>
        <ParameterDetails id="pa3">
          <Name>Material Property</Name>
          <Unitless />
        </ParameterDetails>
        <ParameterDetails id="pa4">
          <Name>Compressive Ultimate Strength</Name>
          <Units name="Stress">
            <Unit>
              <Name>Pa</Name>
            </Unit>
          </Units>
        </ParameterDetails>
        <ParameterDetails id="pa5">
          <Name>Compressive Yield Strength</Name>
          <Units name="Stress">
            <Unit>
              <Name>Pa</Name>
            </Unit>
          </Units>
        </ParameterDetails>
        <ParameterDetails id="pa6">
          <Name>Options Variable</Name>
          <Unitless />
        </ParameterDetails>
        <ParameterDetails id="pa7">
          <Name>Density</Name>
          <Units name="Density">
            <Unit>
              <Name>kg</Name>
            </Unit>
            <Unit power="-3">
              <Name>m</Name>
            </Unit>
          </Units>
        </ParameterDetails>
        <ParameterDetails id="pa8">
          <Name>Temperature</Name>
          <Units name="Temperature">
            <Unit>
              <Name>C</Name>
            </Unit>
          </Units>
        </ParameterDetails>
        <ParameterDetails id="pa9">
          <Name>Tensile Yield Strength</Name>
          <Units name="Stress">
            <Unit>
              <Name>Pa</Name>
            </Unit>
          </Units>
        </ParameterDetails>
        <ParameterDetails id="pa10">
          <Name>Tensile Ultimate Strength</Name>
          <Units name="Stress">
            <Unit>
              <Name>Pa</Name>
            </Unit>
          </Units>
        </ParameterDetails>
        <ParameterDetails id="pa11">
          <Name>Coefficient of Thermal Expansion</Name>
          <Units name="InvTemp1">
            <Unit power="-1">
              <Name>C</Name>
            </Unit>
          </Units>
        </ParameterDetails>
        <ParameterDetails id="pa12">
          <Name>Zero-Thermal-Strain Reference Temperature</Name>
          <Units name="Temperature">
            <Unit>
              <Name>C</Name>
            </Unit>
          </Units>
        </ParameterDetails>
        <ParameterDetails id="pa13">
          <Name>Specific Heat</Name>
          <Units name="Specific Heat Capacity">
            <Unit>
              <Name>J</Name>
            </Unit>
            <Unit power="-1">
              <Name>kg</Name>
            </Unit>
            <Unit power="-1">
              <Name>C</Name>
            </Unit>
          </Units>
        </ParameterDetails>
        <ParameterDetails id="pa14">
          <Name>Thermal Conductivity</Name>
          <Units name="Thermal Conductivity">
            <Unit>
              <Name>W</Name>
            </Unit>
            <Unit power="-1">
              <Name>m</Name>
            </Unit>
            <Unit power="-1">
              <Name>C</Name>
            </Unit>
          </Units>
        </ParameterDetails>
        <ParameterDetails id="pa15">
          <Name>Alternating Stress</Name>
          <Units name="Stress">
            <Unit>
              <Name>Pa</Name>
            </Unit>
          </Units>
        </ParameterDetails>
        <ParameterDetails id="pa16">
          <Name>Cycles</Name>
          <Unitless />
        </ParameterDetails>
        <ParameterDetails id="pa17">
          <Name>R-Ratio</Name>
          <Unitless />
        </ParameterDetails>
        <ParameterDetails id="pa18">
          <Name>Resistivity</Name>
          <Units name="Electrical Resistivity">
            <Unit>
              <Name>kg</Name>
            </Unit>
            <Unit power="3">
              <Name>m</Name>
            </Unit>
            <Unit power="-2">
              <Name>A</Name>
            </Unit>
            <Unit power="-3">
              <Name>s</Name>
            </Unit>
          </Units>
        </ParameterDetails>
        <ParameterDetails id="pa19">
          <Name>Young's Modulus</Name>
          <Units name="Stress">
            <Unit>
              <Name>Pa</Name>
            </Unit>
          </Units>
        </ParameterDetails>
        <ParameterDetails id="pa20">
          <Name>Poisson's Ratio</Name>
          <Unitless />
        </ParameterDetails>
        <ParameterDetails id="pa21">
          <Name>Bulk Modulus</Name>
          <Units name="Stress">
            <Unit>
              <Name>Pa</Name>
            </Unit>
          </Units>
        </ParameterDetails>
        <ParameterDetails id="pa22">
          <Name>Shear Modulus</Name>
          <Units name="Stress">
            <Unit>
              <Name>Pa</Name>
            </Unit>
          </Units>
        </ParameterDetails>
        <ParameterDetails id="pa23">
          <Name>Relative Permeability</Name>
          <Unitless />
        </ParameterDetails>
        <PropertyDetails id="pr0">
          <Unitless />
          <Name>Color</Name>
        </PropertyDetails>
        <PropertyDetails id="pr1">
          <Unitless />
          <Name>Compressive Ultimate Strength</Name>
        </PropertyDetails>
        <PropertyDetails id="pr2">
          <Unitless />
          <Name>Compressive Yield Strength</Name>
        </PropertyDetails>
        <PropertyDetails id="pr3">
          <Unitless />
          <Name>Density</Name>
        </PropertyDetails>
        <PropertyDetails id="pr4">
          <Unitless />
          <Name>Tensile Yield Strength</Name>
        </PropertyDetails>
        <PropertyDetails id="pr5">
          <Unitless />
          <Name>Tensile Ultimate Strength</Name>
        </PropertyDetails>
        <PropertyDetails id="pr6">
          <Unitless />
          <Name>Coefficient of Thermal Expansion</Name>
        </PropertyDetails>
        <PropertyDetails id="pr7">
          <Unitless />
          <Name>Zero-Thermal-Strain Reference Temperature</Name>
        </PropertyDetails>
        <PropertyDetails id="pr8">
          <Unitless />
          <Name>Specific Heat</Name>
        </PropertyDetails>
        <PropertyDetails id="pr9">
          <Unitless />
          <Name>Thermal Conductivity</Name>
        </PropertyDetails>
        <PropertyDetails id="pr10">
          <Unitless />
          <Name>S-N Curve</Name>
        </PropertyDetails>
        <PropertyDetails id="pr11">
          <Unitless />
          <Name>Resistivity</Name>
        </PropertyDetails>
        <PropertyDetails id="pr12">
          <Unitless />
          <Name>Elasticity</Name>
        </PropertyDetails>
        <PropertyDetails id="pr13">
          <Unitless />
          <Name>Relative Permeability</Name>
        </PropertyDetails>
        <PropertyDetails id="pr14">
          <Unitless />
          <Name>Material Unique Id</Name>
        </PropertyDetails>
        <PropertyDetails id="pr15">
          <Unitless />
          <Name>Field Variable</Name>
        </PropertyDetails>
      </Metadata>
    </MatML_Doc>
  </Materials>
  <ANSYSWBTransferData>
    <Materials>
      <Material>
        <Name>Aluminum Alloy</Name>
        <DataTransferID>bf472f7a-5cb2-4583-b9e8-64387012b86e</DataTransferID>
        <PreviousTransferIDs>35d48138-be0c-4a97-839b-6fba81b9f834,,</PreviousTransferIDs>
      </Material>
    </Materials>
  </ANSYSWBTransferData>
</EngineeringData>