<?xml version="1.0" encoding="UTF-8" standalone="no" ?><CAERep ObjId="70" Type="CAERep" Ver="2"><DSEnvironmentID PropType="int">57</DSEnvironmentID><ExternalProductVersion PropType="string">2022 R2</ExternalProductVersion><Goal PropType="string">RunSolver</Goal><HasBetaKeyOn PropType="bool">false</HasBetaKeyOn><InProcess PropType="bool">true</InProcess><LastDatabaseId PropType="unsigned int">92</LastDatabaseId><NumProcessorsForPost PropType="int">0</NumProcessorsForPost><PID_Legacy_Solve PropType="int">0</PID_Legacy_Solve><PartialCode PropType="int">1</PartialCode><ProductVersion PropType="string">22.2 RELEASE</ProductVersion><ProductVersionForSec PropType="string">22.2</ProductVersionForSec><ProjectName PropType="string">Pist_o--Modal (C5)</ProjectName><ReturnCode PropType="int">1</ReturnCode><SolveInvokedFromAddin PropType="int">0</SolveInvokedFromAddin><SysvarMap PropType="map&lt;string,string>"><Entry key="DSSolver ProgId">AMKSolver.AMKSolver.222</Entry></SysvarMap><EngineeringRep ObjId="71" Type="EngineeringRep" Ver="2"><BCRep ObjId="74" Type="BCRep" Ver="2"><StepEndTimes PropType="vector&lt;double>" UCat="Time" Unt="s">    1</StepEndTimes><FixedSurfaceSupport ObjId="67" Type="Support" Ver="2"><Caption PropType="string">Fixed Support</Caption><Scoping PropType="vector&lt;string>">68</Scoping><Type PropType="string"/></FixedSurfaceSupport></BCRep><GeometryAttributes ObjId="72" Type="GeometryAttributes" Ver="2"><AssemblyAttributes ObjId="73" Type="AssemblyAttributes" Ver="2"><ElementOptionControl PropType="string">ProgramControlled</ElementOptionControl><GeometrySource PropType="string">D:\Felipe Coquito\OneDrive\Documents\Estudo\FEI\FEI - 7 Sem\MEP240 - MECANICA SOLIDOS COMPUTACIONAL\Pistão\Pistão_files\dp0\SYS\DM\SYS.agdb</GeometrySource><Is2DAnalysis PropType="bool">false</Is2DAnalysis><IsMixedDimension PropType="bool">false</IsMixedDimension><PartAttributes ObjId="19" Type="PartAttributes" Ver="2"><Caption PropType="string">Solid Bodies</Caption><Mass PropType="double" UCat="Mass" Unt="tonne">0.0005488516571681294</Mass><PartId PropType="unsigned int">3</PartId><BodyAttributes ObjId="20" Type="BodyAttributes" Ver="2"><AreNonLinearEffectsOn PropType="bool">true</AreNonLinearEffectsOn><BoundingBoxDiagonal PropType="double" UCat="Length" Unt="mm">161.5915060389518</BoundingBoxDiagonal><Caption PropType="string">Solid</Caption><ElementCoordSysId PropType="unsigned int">23</ElementCoordSysId><FieldCoordinateSystemId PropType="unsigned int">23</FieldCoordinateSystemId><GeometryType PropType="string">Solid</GeometryType><Mass PropType="double" UCat="Mass" Unt="tonne">0.0005488516571681294</Mass><MaterialAssignments PropType="vector&lt;int>">30</MaterialAssignments><ProtoReferenceId PropType="unsigned int">79</ProtoReferenceId><StiffnessBehavior PropType="string">Deformable</StiffnessBehavior><ThermalStrainCalculation PropType="bool">true</ThermalStrainCalculation><Centroid ObjId="81" Type="DSGePoint3d" Ver="3"><Coordinates PropType="vector&lt;double>" UCat="Length" Unt="mm">2.482644625795726e-06,3.34541264370873e-07,18.03303520227518</Coordinates></Centroid><MassMomentOfInertia ObjId="80" Type="MassMomentOfInertia" Ver="2"><Ixx PropType="double" UCat="MomentInertiaMass" Unt="tonne mm^2">0.5595743331489201</Ixx><Iyy PropType="double" UCat="MomentInertiaMass" Unt="tonne mm^2">0.5550202382709882</Iyy><Izz PropType="double" UCat="MomentInertiaMass" Unt="tonne mm^2">0.8265753921659547</Izz></MassMomentOfInertia><MaterialRep ObjId="79" Type="MaterialRep" Ver="2"><MaterialName PropType="string">Aluminum Alloy</MaterialName><ReferenceTemperature PropType="double" UCat="Temperature" Unt="Celsius">   22</ReferenceTemperature><RelaxationTemperature PropType="double" UCat="Temperature" Unt="Celsius">    0</RelaxationTemperature><UnitSystem PropType="int">0</UnitSystem><UseReferenceTemperature PropType="bool">false</UseReferenceTemperature><UseRelaxationTemperature PropType="bool">false</UseRelaxationTemperature></MaterialRep></BodyAttributes><Centroid ObjId="82" Type="DSGePoint3d" Ver="3"><Coordinates PropType="vector&lt;double>" UCat="Length" Unt="mm">2.482644625795726e-06,3.34541264370873e-07,18.03303520227518</Coordinates></Centroid><MassMomentOfInertia ObjId="83" Type="MassMomentOfInertia" Ver="2"><Ixx PropType="double" UCat="MomentInertiaMass" Unt="tonne mm^2">0.5595743331489201</Ixx><Iyy PropType="double" UCat="MomentInertiaMass" Unt="tonne mm^2">0.5550202382709882</Iyy><Izz PropType="double" UCat="MomentInertiaMass" Unt="tonne mm^2">0.8265753921659547</Izz><CoordinateSystemRep ObjId="84" Type="CoordinateSystemRep" Ver="3"><Caption PropType="string">Undefined</Caption><CoordSystemIndex PropType="unsigned int">0</CoordSystemIndex><IsGlobal PropType="bool">false</IsGlobal><Param1 PropType="double">    1</Param1><Param2 PropType="double">    1</Param2><Singularity1 PropType="int">0</Singularity1><Singularity2 PropType="int">0</Singularity2><SolverCoordNumber PropType="unsigned int">0</SolverCoordNumber><Type PropType="string">Cartesian</Type><DSGePoint3d ObjId="86" Type="DSGePoint3d" Ver="3"><Coordinates PropType="vector&lt;double>" UCat="Length" Unt="mm">2.482644625795726e-06,3.34541264370873e-07,18.03303520227518</Coordinates></DSGePoint3d><Matrix3X3 ObjId="85" Type="Matrix3X3" Ver="2"><IsOrthogonal PropType="bool">false</IsOrthogonal><Row0 PropType="vector&lt;double>">0.9952874234354099,0.09696878235440928,7.985361442684297e-08</Row0><Row1 PropType="vector&lt;double>">-0.09696878235440655,0.9952874234354128,-3.736752112934082e-08</Row1><Row2 PropType="vector&lt;double>">-8.310078117841227e-08,2.944811606742062e-08,0.9999999999999961</Row2></Matrix3X3></CoordinateSystemRep></MassMomentOfInertia></PartAttributes></AssemblyAttributes><MaterialAssignmentRep ObjId="30" Type="MaterialAssignmentRep" Ver="1"><AreNonLinearEffectsOn PropType="bool">true</AreNonLinearEffectsOn><BodyRefIds PropType="vector&lt;int>">79</BodyRefIds><Caption PropType="string">Aluminum Alloy Assignment</Caption><ObjectId PropType="unsigned int">30</ObjectId><ThermalStrainCalculation PropType="bool">true</ThermalStrainCalculation><MaterialRep ObjId="87" Type="MaterialRep" Ver="2"><MaterialName PropType="string">Aluminum Alloy</MaterialName><ReferenceTemperature PropType="double" UCat="Temperature" Unt="Celsius">   22</ReferenceTemperature><RelaxationTemperature PropType="double" UCat="Temperature" Unt="Celsius">    0</RelaxationTemperature><UnitSystem PropType="int">0</UnitSystem><UseReferenceTemperature PropType="bool">false</UseReferenceTemperature><UseRelaxationTemperature PropType="bool">false</UseRelaxationTemperature></MaterialRep></MaterialAssignmentRep></GeometryAttributes><ServiceRep ObjId="75" Type="ServiceRep" Ver="2"><CoordinateSystemRep ObjId="23" Type="CoordinateSystemRep" Ver="3"><Caption PropType="string">Global Coordinate System</Caption><CoordSystemIndex PropType="unsigned int">0</CoordSystemIndex><IsGlobal PropType="bool">true</IsGlobal><Param1 PropType="double">    1</Param1><Param2 PropType="double">    1</Param2><Singularity1 PropType="int">0</Singularity1><Singularity2 PropType="int">0</Singularity2><SolverCoordNumber PropType="int">0</SolverCoordNumber><Type PropType="string">Cartesian</Type><DSGePoint3d ObjId="89" Type="DSGePoint3d" Ver="3"><Coordinates PropType="vector&lt;double>" UCat="Length" Unt="mm">    0,    0,    0</Coordinates></DSGePoint3d><Matrix3X3 ObjId="88" Type="Matrix3X3" Ver="2"><IsOrthogonal PropType="bool">false</IsOrthogonal><Row0 PropType="vector&lt;double>">    1,    0,    0</Row0><Row1 PropType="vector&lt;double>">    0,    1,    0</Row1><Row2 PropType="vector&lt;double>">    0,    0,    1</Row2></Matrix3X3></CoordinateSystemRep></ServiceRep></EngineeringRep><GeometryRep ObjId="78" Type="GeometryRep" Ver="2"><ActiveAssembly PropType="unsigned int">1</ActiveAssembly><PartsAssembly PropType="string">0000000002D6F468</PartsAssembly><Units PropType="string">m</Units></GeometryRep><MaterialLibraryRep ObjId="77" Type="MaterialLibraryRep" Ver="2"><FileName PropType="string">MatML.xml</FileName></MaterialLibraryRep><MeshRep ObjId="76" Type="MeshRep" Ver="2"><AssemblyMesh PropType="string">000000003B2C3788</AssemblyMesh><Configuration PropType="unsigned int">32</Configuration><IndependentMesh PropType="string">IndependentMesh.bin</IndependentMesh><RigidBodyBehavior PropType="string">DimensionallyReduced</RigidBodyBehavior><Units PropType="string">m</Units></MeshRep><SolverRep ObjId="90" Type="SolverRep" Ver="2"><AnalysisType PropType="string">Modal</AnalysisType><IsCoupledFieldSystem PropType="bool">false</IsCoupledFieldSystem><PhysicsType PropType="string">Mechanical</PhysicsType><SolverTargetName PropType="string">ANSYS</SolverTargetName><SolverUnits PropType="int">6</SolverUnits><UnknownPointerId PropType="string">0000000002AECF90</UnknownPointerId><FEConnectorsRep ObjId="59" Type="FEConnectorsRep" Ver="2"><StepSelection PropType="int">0</StepSelection></FEConnectorsRep><FileManagementRep ObjId="92" Type="FileManagementRep" Ver="2"><DeleteUnneededFiles PropType="bool">true</DeleteUnneededFiles><SolverFileDirectory PropType="string"/><SolverFileRelativeDirectory PropType="string"/></FileManagementRep><ProcessControls ObjId="91" Type="ProcessControls" Ver="2"><DistributedSolve PropType="bool">true</DistributedSolve><IsLocal PropType="bool">true</IsLocal><IsRSMSolve PropType="bool">false</IsRSMSolve><ManualMemorySettings PropType="bool">false</ManualMemorySettings><MaxProcessors PropType="int">4</MaxProcessors></ProcessControls><AnalysisSettings CAEType="extObj"><ModalSettings version="1.0"><ModalControls version="1.0"><NumberOfModesToFind>10</NumberOfModesToFind><HasFollowonSpectrum>false</HasFollowonSpectrum><SpinSoftening>ProgramControlled</SpinSoftening></ModalControls><SolverControls version="1.0"><SolverType><ProgramControlled/></SolverType><WeakSprings><Off/></WeakSprings><DampedSolve>false</DampedSolve><StoreComplexSolution>true</StoreComplexSolution><ModeReuse><ProgramControlled/></ModeReuse><UseExistingModesymmFile><No/></UseExistingModesymmFile><ContactSplit><Off/></ContactSplit><CyclicMSUP>false</CyclicMSUP></SolverControls><OutputControls version="1.0"><Stress>false</Stress><Strain>false</Strain><Reactions>false</Reactions><GeneralMisc>false</GeneralMisc><SurfaceStress>false</SurfaceStress><BackStress>false</BackStress><ElementContactData>false</ElementContactData><ElementEulerAngles>false</ElementEulerAngles><ElementEnergies>false</ElementEnergies><ElementEnergies>false</ElementEnergies><ResultSetsType>Auto</ResultSetsType><CacheResultsInMemoryType>Never</CacheResultsInMemoryType><StoreModalResult>ProgramControlled</StoreModalResult><ExpandResultFrom>ProgramControlled</ExpandResultFrom><ProgControlledExpansion>Unknown</ProgControlledExpansion><NodalForcesType>No</NodalForcesType><CalculateParticipationFactorResult>ProgramControlled</CalculateParticipationFactorResult><CombineResultFiles>ProgramControlled</CombineResultFiles><ResultFileCompression>ProgramControlled</ResultFileCompression><TimePointsOptions>All</TimePointsOptions><ResultSets></ResultSets></OutputControls><SolverFileControls version="1.0"><SolverEngineType>ANSYS</SolverEngineType><SolverUnits>6</SolverUnits><SolverFilesDirectory>D:\Felipe Coquito\OneDrive\Documents\Estudo\FEI\FEI - 7 Sem\MEP240 - MECANICA SOLIDOS COMPUTACIONAL\Pistão\Pistão_files\dp0\SYS-2\MECH\</SolverFilesDirectory><SolverJobname>file</SolverJobname><ScratchSolverFilesDirectory>D:\Felipe Coquito\OneDrive\Documents\Estudo\FEI\FEI - 7 Sem\MEP240 - MECANICA SOLIDOS COMPUTACIONAL\Pistão\_ProjectScratch\ScrD032\</ScratchSolverFilesDirectory><AdditionalList></AdditionalList><SaveANSYSDB>false</SaveANSYSDB><ContactSummary>kAnalysisSettingsContactSummaryProgramControlled</ContactSummary><DeleteUnusedFiles>true</DeleteUnusedFiles><ResultFile>file.rst</ResultFile></SolverFileControls><CyclicControls version="1.0"><Activation><Activation>0</Activation></Activation></CyclicControls><DampingControls version="1.0"><BetaDamping>0.</BetaDamping><AlphaDamping>0.</AlphaDamping><ConstantStructuralDampingCoefficient>0.</ConstantStructuralDampingCoefficient></DampingControls><RotordynamicsControls version="1.0"><CoriolisEffect>No</CoriolisEffect><ReferenceFrameStationary>Stationary</ReferenceFrameStationary><RotatingDampingEffect>No</RotatingDampingEffect><CampbellDiagram>No</CampbellDiagram><Sorting>Yes</Sorting><ModalNumberofPoints>2</ModalNumberofPoints><ModeReuse>ProgramControlled</ModeReuse></RotordynamicsControls></ModalSettings></AnalysisSettings></SolverRep></CAERep>