<?xml version="1.0" encoding="UTF-8" standalone="no" ?><CAERep ObjId="65" Type="CAERep" Ver="2"><DSEnvironmentID PropType="int">58</DSEnvironmentID><ExternalProductVersion PropType="string">2022 R2</ExternalProductVersion><Goal PropType="string">RunSolver</Goal><HasBetaKeyOn PropType="bool">false</HasBetaKeyOn><InProcess PropType="bool">true</InProcess><LastDatabaseId PropType="unsigned int">81</LastDatabaseId><NumProcessorsForPost PropType="int">0</NumProcessorsForPost><PID_Legacy_Solve PropType="int">0</PID_Legacy_Solve><PartialCode PropType="int">1</PartialCode><ProductVersion PropType="string">22.2 RELEASE</ProductVersion><ProductVersionForSec PropType="string">22.2</ProductVersionForSec><ProjectName PropType="string">Viga 1D--Modal (B5)</ProjectName><ReturnCode PropType="int">1</ReturnCode><SolveInvokedFromAddin PropType="int">0</SolveInvokedFromAddin><SysvarMap PropType="map&lt;string,string>"><Entry key="DSSolver ProgId">AMKSolver.AMKSolver.222</Entry></SysvarMap><EngineeringRep ObjId="66" Type="EngineeringRep" Ver="2"><BCRep ObjId="69" Type="BCRep" Ver="2"><StepEndTimes PropType="vector&lt;double>" UCat="Time" Unt="s">    1</StepEndTimes></BCRep><GeometryAttributes ObjId="67" Type="GeometryAttributes" Ver="2"><AssemblyAttributes ObjId="68" Type="AssemblyAttributes" Ver="2"><ElementOptionControl PropType="string">ProgramControlled</ElementOptionControl><GeometrySource PropType="string">D:\Felipe Coquito\OneDrive\Documents\Estudo\FEI\FEI - 7 Sem\MEP240 - MECANICA SOLIDOS COMPUTACIONAL\Viga 1D_files\dp0\SYS\DM\SYS.agdb</GeometrySource><Is2DAnalysis PropType="bool">false</Is2DAnalysis><IsMixedDimension PropType="bool">false</IsMixedDimension><PartAttributes ObjId="19" Type="PartAttributes" Ver="2"><Caption PropType="string">Line Body Bodies</Caption><Mass PropType="double" UCat="Mass" Unt="tonne">3.759082399999999</Mass><PartId PropType="unsigned int">3</PartId><BodyAttributes ObjId="20" Type="BodyAttributes" Ver="2"><AreNonLinearEffectsOn PropType="bool">true</AreNonLinearEffectsOn><BeamCrossSectionId PropType="unsigned int">74</BeamCrossSectionId><BoundingBoxDiagonal PropType="double" UCat="Length" Unt="mm"> 4000</BoundingBoxDiagonal><Caption PropType="string">Line Body</Caption><ElementCoordSysId PropType="unsigned int">23</ElementCoordSysId><GeometryType PropType="string">Wire</GeometryType><Mass PropType="double" UCat="Mass" Unt="tonne">3.759082399999999</Mass><ModelType PropType="string">Beam</ModelType><OffsetType PropType="string">Centroid</OffsetType><ProtoReferenceId PropType="unsigned int">5</ProtoReferenceId><StiffnessBehavior PropType="string">Deformable</StiffnessBehavior><ThermalStrainCalculation PropType="bool">true</ThermalStrainCalculation><MaterialRep ObjId="76" Type="MaterialRep" Ver="2"><MaterialName PropType="string">Structural Steel</MaterialName><ReferenceTemperature PropType="double" UCat="Temperature" Unt="Celsius">   22</ReferenceTemperature><RelaxationTemperature PropType="double" UCat="Temperature" Unt="Celsius">    0</RelaxationTemperature><UnitSystem PropType="int">0</UnitSystem><UseReferenceTemperature PropType="bool">false</UseReferenceTemperature><UseRelaxationTemperature PropType="bool">false</UseRelaxationTemperature></MaterialRep></BodyAttributes></PartAttributes></AssemblyAttributes><BeamCrossSection ObjId="74" Type="BeamCrossSection" Ver="2"><Area PropType="double" UCat="Area" Unt="mm^2">119716</Area><BeamSectionPointerId PropType="string">000000002176B7D0</BeamSectionPointerId><Iyy PropType="double" UCat="MomentofInertia" Unt="mm^2 mm^2">1194326721.333333</Iyy><Iyz PropType="double" UCat="MomentofInertia" Unt="mm^2 mm^2">2.03287907341032e-08</Iyz><Izz PropType="double" UCat="MomentofInertia" Unt="mm^2 mm^2">1194326721.333333</Izz><SourceName PropType="string">Rect1</SourceName><RectangleBeamSection ObjId="75" Type="RectangleBeamSection" Ver="2"><Height PropType="double" UCat="Length" Unt="mm">345.9999999999999</Height><Width PropType="double" UCat="Length" Unt="mm">345.9999999999999</Width></RectangleBeamSection></BeamCrossSection></GeometryAttributes><ServiceRep ObjId="70" Type="ServiceRep" Ver="2"><CoordinateSystemRep ObjId="23" Type="CoordinateSystemRep" Ver="3"><Caption PropType="string">Global Coordinate System</Caption><CoordSystemIndex PropType="unsigned int">0</CoordSystemIndex><IsGlobal PropType="bool">true</IsGlobal><Param1 PropType="double">    1</Param1><Param2 PropType="double">    1</Param2><Singularity1 PropType="int">0</Singularity1><Singularity2 PropType="int">0</Singularity2><SolverCoordNumber PropType="int">0</SolverCoordNumber><Type PropType="string">Cartesian</Type><DSGePoint3d ObjId="78" Type="DSGePoint3d" Ver="3"><Coordinates PropType="vector&lt;double>" UCat="Length" Unt="mm">    0,    0,    0</Coordinates></DSGePoint3d><Matrix3X3 ObjId="77" Type="Matrix3X3" Ver="2"><IsOrthogonal PropType="bool">false</IsOrthogonal><Row0 PropType="vector&lt;double>">    1,    0,    0</Row0><Row1 PropType="vector&lt;double>">    0,    1,    0</Row1><Row2 PropType="vector&lt;double>">    0,    0,    1</Row2></Matrix3X3></CoordinateSystemRep></ServiceRep></EngineeringRep><GeometryRep ObjId="73" Type="GeometryRep" Ver="2"><ActiveAssembly PropType="unsigned int">1</ActiveAssembly><PartsAssembly PropType="string">0000000003442D28</PartsAssembly><Units PropType="string">m</Units></GeometryRep><MaterialLibraryRep ObjId="72" Type="MaterialLibraryRep" Ver="2"><FileName PropType="string">MatML.xml</FileName></MaterialLibraryRep><MeshRep ObjId="71" Type="MeshRep" Ver="2"><AssemblyMesh PropType="string">000000003A94FAF8</AssemblyMesh><Configuration PropType="unsigned int">31</Configuration><IndependentMesh PropType="string">IndependentMesh.bin</IndependentMesh><RigidBodyBehavior PropType="string">DimensionallyReduced</RigidBodyBehavior><Units PropType="string">m</Units></MeshRep><SolverRep ObjId="79" Type="SolverRep" Ver="2"><AnalysisType PropType="string">Modal</AnalysisType><IsCoupledFieldSystem PropType="bool">false</IsCoupledFieldSystem><PhysicsType PropType="string">Mechanical</PhysicsType><SolverTargetName PropType="string">ANSYS</SolverTargetName><SolverUnits PropType="int">6</SolverUnits><UnknownPointerId PropType="string">000000000312FBD0</UnknownPointerId><FEConnectorsRep ObjId="60" Type="FEConnectorsRep" Ver="2"><StepSelection PropType="int">0</StepSelection></FEConnectorsRep><FileManagementRep ObjId="81" Type="FileManagementRep" Ver="2"><DeleteUnneededFiles PropType="bool">true</DeleteUnneededFiles><SolverFileDirectory PropType="string"/><SolverFileRelativeDirectory PropType="string"/></FileManagementRep><ProcessControls ObjId="80" Type="ProcessControls" Ver="2"><DistributedSolve PropType="bool">true</DistributedSolve><IsLocal PropType="bool">true</IsLocal><IsRSMSolve PropType="bool">false</IsRSMSolve><ManualMemorySettings PropType="bool">false</ManualMemorySettings><MaxProcessors PropType="int">4</MaxProcessors></ProcessControls><AnalysisSettings CAEType="extObj"><ModalSettings version="1.0"><ModalControls version="1.0"><NumberOfModesToFind>6</NumberOfModesToFind><HasFollowonSpectrum>false</HasFollowonSpectrum><SpinSoftening>ProgramControlled</SpinSoftening></ModalControls><SolverControls version="1.0"><SolverType><ProgramControlled/></SolverType><WeakSprings><Off/></WeakSprings><DampedSolve>false</DampedSolve><StoreComplexSolution>true</StoreComplexSolution><ModeReuse><ProgramControlled/></ModeReuse><UseExistingModesymmFile><No/></UseExistingModesymmFile><ContactSplit><Off/></ContactSplit><CyclicMSUP>false</CyclicMSUP></SolverControls><OutputControls version="1.0"><Stress>false</Stress><Strain>false</Strain><Reactions>false</Reactions><GeneralMisc>false</GeneralMisc><SurfaceStress>false</SurfaceStress><BackStress>false</BackStress><ElementContactData>false</ElementContactData><ElementEulerAngles>false</ElementEulerAngles><ElementEnergies>false</ElementEnergies><ElementEnergies>false</ElementEnergies><ResultSetsType>Auto</ResultSetsType><CacheResultsInMemoryType>Never</CacheResultsInMemoryType><StoreModalResult>ProgramControlled</StoreModalResult><ExpandResultFrom>ProgramControlled</ExpandResultFrom><ProgControlledExpansion>Unknown</ProgControlledExpansion><NodalForcesType>No</NodalForcesType><CalculateParticipationFactorResult>ProgramControlled</CalculateParticipationFactorResult><CombineResultFiles>ProgramControlled</CombineResultFiles><ResultFileCompression>ProgramControlled</ResultFileCompression><TimePointsOptions>All</TimePointsOptions><ResultSets></ResultSets></OutputControls><SolverFileControls version="1.0"><SolverEngineType>ANSYS</SolverEngineType><SolverUnits>6</SolverUnits><SolverFilesDirectory>D:\Felipe Coquito\OneDrive\Documents\Estudo\FEI\FEI - 7 Sem\MEP240 - MECANICA SOLIDOS COMPUTACIONAL\Viga 1D_files\dp0\SYS-1\MECH\</SolverFilesDirectory><SolverJobname>file</SolverJobname><ScratchSolverFilesDirectory>D:\Felipe Coquito\OneDrive\Documents\Estudo\FEI\FEI - 7 Sem\MEP240 - MECANICA SOLIDOS COMPUTACIONAL\_ProjectScratch\Scr79E7\</ScratchSolverFilesDirectory><AdditionalList></AdditionalList><SaveANSYSDB>false</SaveANSYSDB><ContactSummary>kAnalysisSettingsContactSummaryProgramControlled</ContactSummary><DeleteUnusedFiles>true</DeleteUnusedFiles><ResultFile></ResultFile></SolverFileControls><CyclicControls version="1.0"><Activation><Activation>0</Activation></Activation></CyclicControls><DampingControls version="1.0"><BetaDamping>0.</BetaDamping><AlphaDamping>0.</AlphaDamping><ConstantStructuralDampingCoefficient>0.</ConstantStructuralDampingCoefficient></DampingControls><RotordynamicsControls version="1.0"><CoriolisEffect>No</CoriolisEffect><ReferenceFrameStationary>Stationary</ReferenceFrameStationary><RotatingDampingEffect>No</RotatingDampingEffect><CampbellDiagram>No</CampbellDiagram><Sorting>Yes</Sorting><ModalNumberofPoints>2</ModalNumberofPoints><ModeReuse>ProgramControlled</ModeReuse></RotordynamicsControls></ModalSettings></AnalysisSettings></SolverRep></CAERep>